Workbook

Sheet origen_datos_mensuales
A1: Cliente | B1: Estado Cliente | C1: Mes Registro | D1: Mes de Abandono (Churn) | E1: 1/2019 | F1: 2/2019 | G1: 3/2019 | H1: 4/2019 | I1: 5/2019 | J1: 6/2019 | K1: 7/2019 | L1: 8/2019 | M1: 9/2019 | N1: 10/2019 | O1: 11/2019 | P1: 12/2019 | Q1: 1/2020 | R1: 2/2020 | S1: 3/2020 | T1: 4/2020 | U1: 5/2020 | V1: 6/2020 | W1: 7/2020 | X1: 8/2020 | Y1: 9/2020 | Z1: 10/2020 | AA1: 11/2020 | AB1: 12/2020
A2: George Garcia | B2: Active | C2: 43466 | E2: 1 | F2: 1 | G2: 1 | H2: 1 | I2: 1 | J2: 1 | K2: 1 | L2: 1 | M2: 1 | N2: 1 | O2: 1 | P2: 1 | Q2: 1 | R2: 1 | S2: 1 | T2: 1 | U2: 1 | V2: 1 | W2: 1 | X2: 1 | Y2: 1 | Z2: 1 | AA2: 1 | AB2: 1
A3: James Johnson | B3: Churned | C3: 43466 | D3: 43525 | E3: 1 | F3: 1 | G3: 0 | H3: 0 | I3: 0 | J3: 0 | K3: 0 | L3: 0 | M3: 0 | N3: 0 | O3: 0 | P3: 0 | Q3: 0 | R3: 0 | S3: 0 | T3: 0 | U3: 0 | V3: 0 | W3: 0 | X3: 0 | Y3: 0 | Z3: 0 | AA3: 0 | AB3: 0
A4: John Williams | B4: Churned | C4: 43466 | D4: 43678 | E4: 1 | F4: 1 | G4: 1 | H4: 1 | I4: 1 | J4: 1 | K4: 1 | L4: 0 | M4: 0 | N4: 0 | O4: 0 | P4: 0 | Q4: 0 | R4: 0 | S4: 0 | T4: 0 | U4: 0 | V4: 0 | W4: 0 | X4: 0 | Y4: 0 | Z4: 0 | AA4: 0 | AB4: 0
A5: Robert Jones | B5: Active | C5: 43466 | E5: 1 | F5: 1 | G5: 1 | H5: 1 | I5: 1 | J5: 1 | K5: 1 | L5: 1 | M5: 1 | N5: 1 | O5: 1 | P5: 1 | Q5: 1 | R5: 1 | S5: 1 | T5: 1 | U5: 1 | V5: 1 | W5: 1 | X5: 1 | Y5: 1 | Z5: 1 | AA5: 1 | AB5: 1
A6: Michael Brown | B6: Active | C6: 43466 | E6: 1 | F6: 1 | G6: 1 | H6: 1 | I6: 1 | J6: 1 | K6: 1 | L6: 1 | M6: 1 | N6: 1 | O6: 1 | P6: 1 | Q6: 1 | R6: 1 | S6: 1 | T6: 1 | U6: 1 | V6: 1 | W6: 1 | X6: 1 | Y6: 1 | Z6: 1 | AA6: 1 | AB6: 1
A7: Mary Davis | B7: Churned | C7: 43466 | D7: 44075 | E7: 1 | F7: 1 | G7: 1 | H7: 1 | I7: 1 | J7: 1 | K7: 1 | L7: 1 | M7: 1 | N7: 1 | O7: 1 | P7: 1 | Q7: 1 | R7: 1 | S7: 1 | T7: 1 | U7: 1 | V7: 1 | W7: 1 | X7: 1 | Y7: 0 | Z7: 0 | AA7: 0 | AB7: 0
A8: William Miller | B8: Active | C8: 43466 | E8: 1 | F8: 1 | G8: 1 | H8: 1 | I8: 1 | J8: 1 | K8: 1 | L8: 1 | M8: 1 | N8: 1 | O8: 1 | P8: 1 | Q8: 1 | R8: 1 | S8: 1 | T8: 1 | U8: 1 | V8: 1 | W8: 1 | X8: 1 | Y8: 1 | Z8: 1 | AA8: 1 | AB8: 1
A9: David Wilson | B9: Active | C9: 43466 | E9: 1 | F9: 1 | G9: 1 | H9: 1 | I9: 1 | J9: 1 | K9: 1 | L9: 1 | M9: 1 | N9: 1 | O9: 1 | P9: 1 | Q9: 1 | R9: 1 | S9: 1 | T9: 1 | U9: 1 | V9: 1 | W9: 1 | X9: 1 | Y9: 1 | Z9: 1 | AA9: 1 | AB9: 1
A10: Joseph Moore | B10: Churned | C10: 43466 | D10: 43709 | E10: 1 | F10: 1 | G10: 1 | H10: 1 | I10: 1 | J10: 1 | K10: 1 | L10: 1 | M10: 0 | N10: 0 | O10: 0 | P10: 0 | Q10: 0 | R10: 0 | S10: 0 | T10: 0 | U10: 0 | V10: 0 | W10: 0 | X10: 0 | Y10: 0 | Z10: 0 | AA10: 0 | AB10: 0
A11: Richard Taylor | B11: Active | C11: 43466 | E11: 1 | F11: 1 | G11: 1 | H11: 1 | I11: 1 | J11: 1 | K11: 1 | L11: 1 | M11: 1 | N11: 1 | O11: 1 | P11: 1 | Q11: 1 | R11: 1 | S11: 1 | T11: 1 | U11: 1 | V11: 1 | W11: 1 | X11: 1 | Y11: 1 | Z11: 1 | AA11: 1 | AB11: 1
A12: Charles Anderson | B12: Active | C12: 43466 | E12: 1 | F12: 1 | G12: 1 | H12: 1 | I12: 1 | J12: 1 | K12: 1 | L12: 1 | M12: 1 | N12: 1 | O12: 1 | P12: 1 | Q12: 1 | R12: 1 | S12: 1 | T12: 1 | U12: 1 | V12: 1 | W12: 1 | X12: 1 | Y12: 1 | Z12: 1 | AA12: 1 | AB12: 1
A13: Thomas Thomas | B13: Churned | C13: 43497 | D13: 43739 | E13: 0 | F13: 1 | G13: 1 | H13: 1 | I13: 1 | J13: 1 | K13: 1 | L13: 1 | M13: 1 | N13: 0 | O13: 0 | P13: 0 | Q13: 0 | R13: 0 | S13: 0 | T13: 0 | U13: 0 | V13: 0 | W13: 0 | X13: 0 | Y13: 0 | Z13: 0 | AA13: 0 | AB13: 0
A14: Christopher Jackson | B14: Churned | C14: 43497 | D14: 43556 | E14: 0 | F14: 1 | G14: 1 | H14: 0 | I14: 0 | J14: 0 | K14: 0 | L14: 0 | M14: 0 | N14: 0 | O14: 0 | P14: 0 | Q14: 0 | R14: 0 | S14: 0 | T14: 0 | U14: 0 | V14: 0 | W14: 0 | X14: 0 | Y14: 0 | Z14: 0 | AA14: 0 | AB14: 0
A15: Daniel White | B15: Churned | C15: 43497 | D15: 43617 | E15: 0 | F15: 1 | G15: 1 | H15: 1 | I15: 1 | J15: 0 | K15: 0 | L15: 0 | M15: 0 | N15: 0 | O15: 0 | P15: 0 | Q15: 0 | R15: 0 | S15: 0 | T15: 0 | U15: 0 | V15: 0 | W15: 0 | X15: 0 | Y15: 0 | Z15: 0 | AA15: 0 | AB15: 0
A16: Elizabeth Harris | B16: Active | C16: 43497 | E16: 0 | F16: 1 | G16: 1 | H16: 1 | I16: 1 | J16: 1 | K16: 1 | L16: 1 | M16: 1 | N16: 1 | O16: 1 | P16: 1 | Q16: 1 | R16: 1 | S16: 1 | T16: 1 | U16: 1 | V16: 1 | W16: 1 | X16: 1 | Y16: 1 | Z16: 1 | AA16: 1 | AB16: 1
A17: Matthew Martin | B17: Active | C17: 43497 | E17: 0 | F17: 1 | G17: 1 | H17: 1 | I17: 1 | J17: 1 | K17: 1 | L17: 1 | M17: 1 | N17: 1 | O17: 1 | P17: 1 | Q17: 1 | R17: 1 | S17: 1 | T17: 1 | U17: 1 | V17: 1 | W17: 1 | X17: 1 | Y17: 1 | Z17: 1 | AA17: 1 | AB17: 1
A18: Patricia Thompson | B18: Active | C18: 43497 | E18: 0 | F18: 1 | G18: 1 | H18: 1 | I18: 1 | J18: 1 | K18: 1 | L18: 1 | M18: 1 | N18: 1 | O18: 1 | P18: 1 | Q18: 1 | R18: 1 | S18: 1 | T18: 1 | U18: 1 | V18: 1 | W18: 1 | X18: 1 | Y18: 1 | Z18: 1 | AA18: 1 | AB18: 1
A19: Brian Smith | B19: Churned | C19: 43497 | D19: 43770 | E19: 0 | F19: 1 | G19: 1 | H19: 1 | I19: 1 | J19: 1 | K19: 1 | L19: 1 | M19: 1 | N19: 1 | O19: 0 | P19: 0 | Q19: 0 | R19: 0 | S19: 0 | T19: 0 | U19: 0 | V19: 0 | W19: 0 | X19: 0 | Y19: 0 | Z19: 0 | AA19: 0 | AB19: 0
A20: Jennifer Martinez | B20: Active | C20: 43497 | E20: 0 | F20: 1 | G20: 1 | H20: 1 | I20: 1 | J20: 1 | K20: 1 | L20: 1 | M20: 1 | N20: 1 | O20: 1 | P20: 1 | Q20: 1 | R20: 1 | S20: 1 | T20: 1 | U20: 1 | V20: 1 | W20: 1 | X20: 1 | Y20: 1 | Z20: 1 | AA20: 1 | AB20: 1
A21: Linda Robinson | B21: Churned | C21: 43497 | D21: 43586 | E21: 0 | F21: 1 | G21: 1 | H21: 1 | I21: 0 | J21: 0 | K21: 0 | L21: 0 | M21: 0 | N21: 0 | O21: 0 | P21: 0 | Q21: 0 | R21: 0 | S21: 0 | T21: 0 | U21: 0 | V21: 0 | W21: 0 | X21: 0 | Y21: 0 | Z21: 0 | AA21: 0 | AB21: 0
A22: Anthony Clark | B22: Active | C22: 43497 | E22: 0 | F22: 1 | G22: 1 | H22: 1 | I22: 1 | J22: 1 | K22: 1 | L22: 1 | M22: 1 | N22: 1 | O22: 1 | P22: 1 | Q22: 1 | R22: 1 | S22: 1 | T22: 1 | U22: 1 | V22: 1 | W22: 1 | X22: 1 | Y22: 1 | Z22: 1 | AA22: 1 | AB22: 1
A23: Barbara Rodriguez | B23: Active | C23: 43497 | E23: 0 | F23: 1 | G23: 1 | H23: 1 | I23: 1 | J23: 1 | K23: 1 | L23: 1 | M23: 1 | N23: 1 | O23: 1 | P23: 1 | Q23: 1 | R23: 1 | S23: 1 | T23: 1 | U23: 1 | V23: 1 | W23: 1 | X23: 1 | Y23: 1 | Z23: 1 | AA23: 1 | AB23: 1
A24: Donald Lewis | B24: Active | C24: 43497 | E24: 0 | F24: 1 | G24: 1 | H24: 1 | I24: 1 | J24: 1 | K24: 1 | L24: 1 | M24: 1 | N24: 1 | O24: 1 | P24: 1 | Q24: 1 | R24: 1 | S24: 1 | T24: 1 | U24: 1 | V24: 1 | W24: 1 | X24: 1 | Y24: 1 | Z24: 1 | AA24: 1 | AB24: 1
A25: Paul Lee | B25: Active | C25: 43497 | E25: 0 | F25: 1 | G25: 1 | H25: 1 | I25: 1 | J25: 1 | K25: 1 | L25: 1 | M25: 1 | N25: 1 | O25: 1 | P25: 1 | Q25: 1 | R25: 1 | S25: 1 | T25: 1 | U25: 1 | V25: 1 | W25: 1 | X25: 1 | Y25: 1 | Z25: 1 | AA25: 1 | AB25: 1
A26: Mark Walker | B26: Churned | C26: 43525 | D26: 43891 | E26: 0 | F26: 0 | G26: 1 | H26: 1 | I26: 1 | J26: 1 | K26: 1 | L26: 1 | M26: 1 | N26: 1 | O26: 1 | P26: 1 | Q26: 1 | R26: 1 | S26: 0 | T26: 0 | U26: 0 | V26: 0 | W26: 0 | X26: 0 | Y26: 0 | Z26: 0 | AA26: 0 | AB26: 0
A27: Andrew Hall | B27: Active | C27: 43525 | E27: 0 | F27: 0 | G27: 1 | H27: 1 | I27: 1 | J27: 1 | K27: 1 | L27: 1 | M27: 1 | N27: 1 | O27: 1 | P27: 1 | Q27: 1 | R27: 1 | S27: 1 | T27: 1 | U27: 1 | V27: 1 | W27: 1 | X27: 1 | Y27: 1 | Z27: 1 | AA27: 1 | AB27: 1
A28: Edward Allen | B28: Churned | C28: 43525 | D28: 43739 | E28: 0 | F28: 0 | G28: 1 | H28: 1 | I28: 1 | J28: 1 | K28: 1 | L28: 1 | M28: 1 | N28: 0 | O28: 0 | P28: 0 | Q28: 0 | R28: 0 | S28: 0 | T28: 0 | U28: 0 | V28: 0 | W28: 0 | X28: 0 | Y28: 0 | Z28: 0 | AA28: 0 | AB28: 0
A29: Steven Young | B29: Churned | C29: 43525 | D29: 44105 | E29: 0 | F29: 0 | G29: 1 | H29: 1 | I29: 1 | J29: 1 | K29: 1 | L29: 1 | M29: 1 | N29: 1 | O29: 1 | P29: 1 | Q29: 1 | R29: 1 | S29: 1 | T29: 1 | U29: 1 | V29: 1 | W29: 1 | X29: 1 | Y29: 1 | Z29: 0 | AA29: 0 | AB29: 0
A30: Kenneth Hernandez | B30: Churned | C30: 43525 | D30: 44075 | E30: 0 | F30: 0 | G30: 1 | H30: 1 | I30: 1 | J30: 1 | K30: 1 | L30: 1 | M30: 1 | N30: 1 | O30: 1 | P30: 1 | Q30: 1 | R30: 1 | S30: 1 | T30: 1 | U30: 1 | V30: 1 | W30: 1 | X30: 1 | Y30: 0 | Z30: 0 | AA30: 0 | AB30: 0
A31: Margaret King | B31: Churned | C31: 43525 | D31: 43983 | E31: 0 | F31: 0 | G31: 1 | H31: 1 | I31: 1 | J31: 1 | K31: 1 | L31: 1 | M31: 1 | N31: 1 | O31: 1 | P31: 1 | Q31: 1 | R31: 1 | S31: 1 | T31: 1 | U31: 1 | V31: 0 | W31: 0 | X31: 0 | Y31: 0 | Z31: 0 | AA31: 0 | AB31: 0
A32: Joshua Wright | B32: Churned | C32: 43525 | D32: 43709 | E32: 0 | F32: 0 | G32: 1 | H32: 1 | I32: 1 | J32: 1 | K32: 1 | L32: 1 | M32: 0 | N32: 0 | O32: 0 | P32: 0 | Q32: 0 | R32: 0 | S32: 0 | T32: 0 | U32: 0 | V32: 0 | W32: 0 | X32: 0 | Y32: 0 | Z32: 0 | AA32: 0 | AB32: 0
A33: Kevin Lopez | B33: Churned | C33: 43525 | D33: 43952 | E33: 0 | F33: 0 | G33: 1 | H33: 1 | I33: 1 | J33: 1 | K33: 1 | L33: 1 | M33: 1 | N33: 1 | O33: 1 | P33: 1 | Q33: 1 | R33: 1 | S33: 1 | T33: 1 | U33: 0 | V33: 0 | W33: 0 | X33: 0 | Y33: 0 | Z33: 0 | AA33: 0 | AB33: 0
A34: Brian Hill | B34: Active | C34: 43525 | E34: 0 | F34: 0 | G34: 1 | H34: 1 | I34: 1 | J34: 1 | K34: 1 | L34: 1 | M34: 1 | N34: 1 | O34: 1 | P34: 1 | Q34: 1 | R34: 1 | S34: 1 | T34: 1 | U34: 1 | V34: 1 | W34: 1 | X34: 1 | Y34: 1 | Z34: 1 | AA34: 1 | AB34: 1
A35: Susan Scott | B35: Active | C35: 43525 | E35: 0 | F35: 0 | G35: 1 | H35: 1 | I35: 1 | J35: 1 | K35: 1 | L35: 1 | M35: 1 | N35: 1 | O35: 1 | P35: 1 | Q35: 1 | R35: 1 | S35: 1 | T35: 1 | U35: 1 | V35: 1 | W35: 1 | X35: 1 | Y35: 1 | Z35: 1 | AA35: 1 | AB35: 1
A36: Dorothy Green | B36: Churned | C36: 43525 | D36: 43952 | E36: 0 | F36: 0 | G36: 1 | H36: 1 | I36: 1 | J36: 1 | K36: 1 | L36: 1 | M36: 1 | N36: 1 | O36: 1 | P36: 1 | Q36: 1 | R36: 1 | S36: 1 | T36: 1 | U36: 0 | V36: 0 | W36: 0 | X36: 0 | Y36: 0 | Z36: 0 | AA36: 0 | AB36: 0
A37: Ronald Adams | B37: Churned | C37: 43525 | D37: 43952 | E37: 0 | F37: 0 | G37: 1 | H37: 1 | I37: 1 | J37: 1 | K37: 1 | L37: 1 | M37: 1 | N37: 1 | O37: 1 | P37: 1 | Q37: 1 | R37: 1 | S37: 1 | T37: 1 | U37: 0 | V37: 0 | W37: 0 | X37: 0 | Y37: 0 | Z37: 0 | AA37: 0 | AB37: 0
A38: Sarah Baker | B38: Active | C38: 43525 | E38: 0 | F38: 0 | G38: 1 | H38: 1 | I38: 1 | J38: 1 | K38: 1 | L38: 1 | M38: 1 | N38: 1 | O38: 1 | P38: 1 | Q38: 1 | R38: 1 | S38: 1 | T38: 1 | U38: 1 | V38: 1 | W38: 1 | X38: 1 | Y38: 1 | Z38: 1 | AA38: 1 | AB38: 1
A39: Timothy Gonzalez | B39: Churned | C39: 43556 | D39: 43770 | E39: 0 | F39: 0 | G39: 0 | H39: 1 | I39: 1 | J39: 1 | K39: 1 | L39: 1 | M39: 1 | N39: 1 | O39: 0 | P39: 0 | Q39: 0 | R39: 0 | S39: 0 | T39: 0 | U39: 0 | V39: 0 | W39: 0 | X39: 0 | Y39: 0 | Z39: 0 | AA39: 0 | AB39: 0
A40: Jessica Nelson | B40: Active | C40: 43556 | E40: 0 | F40: 0 | G40: 0 | H40: 1 | I40: 1 | J40: 1 | K40: 1 | L40: 1 | M40: 1 | N40: 1 | O40: 1 | P40: 1 | Q40: 1 | R40: 1 | S40: 1 | T40: 1 | U40: 1 | V40: 1 | W40: 1 | X40: 1 | Y40: 1 | Z40: 1 | AA40: 1 | AB40: 1
A41: Jason Carter | B41: Active | C41: 43556 | E41: 0 | F41: 0 | G41: 0 | H41: 1 | I41: 1 | J41: 1 | K41: 1 | L41: 1 | M41: 1 | N41: 1 | O41: 1 | P41: 1 | Q41: 1 | R41: 1 | S41: 1 | T41: 1 | U41: 1 | V41: 1 | W41: 1 | X41: 1 | Y41: 1 | Z41: 1 | AA41: 1 | AB41: 1
A42: Helen Mitchell | B42: Active | C42: 43556 | E42: 0 | F42: 0 | G42: 0 | H42: 1 | I42: 1 | J42: 1 | K42: 1 | L42: 1 | M42: 1 | N42: 1 | O42: 1 | P42: 1 | Q42: 1 | R42: 1 | S42: 1 | T42: 1 | U42: 1 | V42: 1 | W42: 1 | X42: 1 | Y42: 1 | Z42: 1 | AA42: 1 | AB42: 1
A43: Nancy Perez | B43: Churned | C43: 43556 | D43: 43709 | E43: 0 | F43: 0 | G43: 0 | H43: 1 | I43: 1 | J43: 1 | K43: 1 | L43: 1 | M43: 0 | N43: 0 | O43: 0 | P43: 0 | Q43: 0 | R43: 0 | S43: 0 | T43: 0 | U43: 0 | V43: 0 | W43: 0 | X43: 0 | Y43: 0 | Z43: 0 | AA43: 0 | AB43: 0
A44: Betty Roberts | B44: Churned | C44: 43556 | D44: 43922 | E44: 0 | F44: 0 | G44: 0 | H44: 1 | I44: 1 | J44: 1 | K44: 1 | L44: 1 | M44: 1 | N44: 1 | O44: 1 | P44: 1 | Q44: 1 | R44: 1 | S44: 1 | T44: 0 | U44: 0 | V44: 0 | W44: 0 | X44: 0 | Y44: 0 | Z44: 0 | AA44: 0 | AB44: 0
A45: Karen Turner | B45: Churned | C45: 43556 | D45: 43617 | E45: 0 | F45: 0 | G45: 0 | H45: 1 | I45: 1 | J45: 0 | K45: 0 | L45: 0 | M45: 0 | N45: 0 | O45: 0 | P45: 0 | Q45: 0 | R45: 0 | S45: 0 | T45: 0 | U45: 0 | V45: 0 | W45: 0 | X45: 0 | Y45: 0 | Z45: 0 | AA45: 0 | AB45: 0
A46: Jeffrey Phillips | B46: Churned | C46: 43556 | D46: 43922 | E46: 0 | F46: 0 | G46: 0 | H46: 1 | I46: 1 | J46: 1 | K46: 1 | L46: 1 | M46: 1 | N46: 1 | O46: 1 | P46: 1 | Q46: 1 | R46: 1 | S46: 1 | T46: 0 | U46: 0 | V46: 0 | W46: 0 | X46: 0 | Y46: 0 | Z46: 0 | AA46: 0 | AB46: 0
A47: Lisa Campbell | B47: Active | C47: 43556 | E47: 0 | F47: 0 | G47: 0 | H47: 1 | I47: 1 | J47: 1 | K47: 1 | L47: 1 | M47: 1 | N47: 1 | O47: 1 | P47: 1 | Q47: 1 | R47: 1 | S47: 1 | T47: 1 | U47: 1 | V47: 1 | W47: 1 | X47: 1 | Y47: 1 | Z47: 1 | AA47: 1 | AB47: 1
A48: Ryan Parker | B48: Churned | C48: 43556 | D48: 43831 | E48: 0 | F48: 0 | G48: 0 | H48: 1 | I48: 1 | J48: 1 | K48: 1 | L48: 1 | M48: 1 | N48: 1 | O48: 1 | P48: 1 | Q48: 0 | R48: 0 | S48: 0 | T48: 0 | U48: 0 | V48: 0 | W48: 0 | X48: 0 | Y48: 0 | Z48: 0 | AA48: 0 | AB48: 0
A49: Jacob Evans | B49: Churned | C49: 43556 | D49: 43831 | E49: 0 | F49: 0 | G49: 0 | H49: 1 | I49: 1 | J49: 1 | K49: 1 | L49: 1 | M49: 1 | N49: 1 | O49: 1 | P49: 1 | Q49: 0 | R49: 0 | S49: 0 | T49: 0 | U49: 0 | V49: 0 | W49: 0 | X49: 0 | Y49: 0 | Z49: 0 | AA49: 0 | AB49: 0
A50: Frank Edwards | B50: Active | C50: 43556 | E50: 0 | F50: 0 | G50: 0 | H50: 1 | I50: 1 | J50: 1 | K50: 1 | L50: 1 | M50: 1 | N50: 1 | O50: 1 | P50: 1 | Q50: 1 | R50: 1 | S50: 1 | T50: 1 | U50: 1 | V50: 1 | W50: 1 | X50: 1 | Y50: 1 | Z50: 1 | AA50: 1 | AB50: 1
A51: Gary Collins | B51: Churned | C51: 43556 | D51: 43678 | E51: 0 | F51: 0 | G51: 0 | H51: 1 | I51: 1 | J51: 1 | K51: 1 | L51: 0 | M51: 0 | N51: 0 | O51: 0 | P51: 0 | Q51: 0 | R51: 0 | S51: 0 | T51: 0 | U51: 0 | V51: 0 | W51: 0 | X51: 0 | Y51: 0 | Z51: 0 | AA51: 0 | AB51: 0
A52: Nicholas Stewart | B52: Active | C52: 43556 | E52: 0 | F52: 0 | G52: 0 | H52: 1 | I52: 1 | J52: 1 | K52: 1 | L52: 1 | M52: 1 | N52: 1 | O52: 1 | P52: 1 | Q52: 1 | R52: 1 | S52: 1 | T52: 1 | U52: 1 | V52: 1 | W52: 1 | X52: 1 | Y52: 1 | Z52: 1 | AA52: 1 | AB52: 1
A53: Anna Sanchez | B53: Active | C53: 43556 | E53: 0 | F53: 0 | G53: 0 | H53: 1 | I53: 1 | J53: 1 | K53: 1 | L53: 1 | M53: 1 | N53: 1 | O53: 1 | P53: 1 | Q53: 1 | R53: 1 | S53: 1 | T53: 1 | U53: 1 | V53: 1 | W53: 1 | X53: 1 | Y53: 1 | Z53: 1 | AA53: 1 | AB53: 1
A54: Eric Morris | B54: Churned | C54: 43586 | D54: 43739 | E54: 0 | F54: 0 | G54: 0 | H54: 0 | I54: 1 | J54: 1 | K54: 1 | L54: 1 | M54: 1 | N54: 0 | O54: 0 | P54: 0 | Q54: 0 | R54: 0 | S54: 0 | T54: 0 | U54: 0 | V54: 0 | W54: 0 | X54: 0 | Y54: 0 | Z54: 0 | AA54: 0 | AB54: 0
A55: Sandra Rogers | B55: Churned | C55: 43586 | D55: 43678 | E55: 0 | F55: 0 | G55: 0 | H55: 0 | I55: 1 | J55: 1 | K55: 1 | L55: 0 | M55: 0 | N55: 0 | O55: 0 | P55: 0 | Q55: 0 | R55: 0 | S55: 0 | T55: 0 | U55: 0 | V55: 0 | W55: 0 | X55: 0 | Y55: 0 | Z55: 0 | AA55: 0 | AB55: 0
A56: Stephen Reed | B56: Churned | C56: 43586 | D56: 44013 | E56: 0 | F56: 0 | G56: 0 | H56: 0 | I56: 1 | J56: 1 | K56: 1 | L56: 1 | M56: 1 | N56: 1 | O56: 1 | P56: 1 | Q56: 1 | R56: 1 | S56: 1 | T56: 1 | U56: 1 | V56: 1 | W56: 0 | X56: 0 | Y56: 0 | Z56: 0 | AA56: 0 | AB56: 0
A57: Emily Cook | B57: Active | C57: 43586 | E57: 0 | F57: 0 | G57: 0 | H57: 0 | I57: 1 | J57: 1 | K57: 1 | L57: 1 | M57: 1 | N57: 1 | O57: 1 | P57: 1 | Q57: 1 | R57: 1 | S57: 1 | T57: 1 | U57: 1 | V57: 1 | W57: 1 | X57: 1 | Y57: 1 | Z57: 1 | AA57: 1 | AB57: 1
A58: Ashley Morgan | B58: Active | C58: 43586 | E58: 0 | F58: 0 | G58: 0 | H58: 0 | I58: 1 | J58: 1 | K58: 1 | L58: 1 | M58: 1 | N58: 1 | O58: 1 | P58: 1 | Q58: 1 | R58: 1 | S58: 1 | T58: 1 | U58: 1 | V58: 1 | W58: 1 | X58: 1 | Y58: 1 | Z58: 1 | AA58: 1 | AB58: 1
A59: Jonathan Bell | B59: Churned | C59: 43586 | D59: 43709 | E59: 0 | F59: 0 | G59: 0 | H59: 0 | I59: 1 | J59: 1 | K59: 1 | L59: 1 | M59: 0 | N59: 0 | O59: 0 | P59: 0 | Q59: 0 | R59: 0 | S59: 0 | T59: 0 | U59: 0 | V59: 0 | W59: 0 | X59: 0 | Y59: 0 | Z59: 0 | AA59: 0 | AB59: 0
A60: Kimberly Murphy | B60: Churned | C60: 43586 | D60: 43952 | E60: 0 | F60: 0 | G60: 0 | H60: 0 | I60: 1 | J60: 1 | K60: 1 | L60: 1 | M60: 1 | N60: 1 | O60: 1 | P60: 1 | Q60: 1 | R60: 1 | S60: 1 | T60: 1 | U60: 0 | V60: 0 | W60: 0 | X60: 0 | Y60: 0 | Z60: 0 | AA60: 0 | AB60: 0
A61: Donna Bailey | B61: Churned | C61: 43586 | D61: 44013 | E61: 0 | F61: 0 | G61: 0 | H61: 0 | I61: 1 | J61: 1 | K61: 1 | L61: 1 | M61: 1 | N61: 1 | O61: 1 | P61: 1 | Q61: 1 | R61: 1 | S61: 1 | T61: 1 | U61: 1 | V61: 1 | W61: 0 | X61: 0 | Y61: 0 | Z61: 0 | AA61: 0 | AB61: 0
A62: Ruth Rivera | B62: Active | C62: 43586 | E62: 0 | F62: 0 | G62: 0 | H62: 0 | I62: 1 | J62: 1 | K62: 1 | L62: 1 | M62: 1 | N62: 1 | O62: 1 | P62: 1 | Q62: 1 | R62: 1 | S62: 1 | T62: 1 | U62: 1 | V62: 1 | W62: 1 | X62: 1 | Y62: 1 | Z62: 1 | AA62: 1 | AB62: 1
A63: Carol Cooper | B63: Active | C63: 43586 | E63: 0 | F63: 0 | G63: 0 | H63: 0 | I63: 1 | J63: 1 | K63: 1 | L63: 1 | M63: 1 | N63: 1 | O63: 1 | P63: 1 | Q63: 1 | R63: 1 | S63: 1 | T63: 1 | U63: 1 | V63: 1 | W63: 1 | X63: 1 | Y63: 1 | Z63: 1 | AA63: 1 | AB63: 1
A64: Michelle Richardson | B64: Churned | C64: 43586 | D64: 43862 | E64: 0 | F64: 0 | G64: 0 | H64: 0 | I64: 1 | J64: 1 | K64: 1 | L64: 1 | M64: 1 | N64: 1 | O64: 1 | P64: 1 | Q64: 1 | R64: 0 | S64: 0 | T64: 0 | U64: 0 | V64: 0 | W64: 0 | X64: 0 | Y64: 0 | Z64: 0 | AA64: 0 | AB64: 0
A65: Larry Cox | B65: Active | C65: 43586 | E65: 0 | F65: 0 | G65: 0 | H65: 0 | I65: 1 | J65: 1 | K65: 1 | L65: 1 | M65: 1 | N65: 1 | O65: 1 | P65: 1 | Q65: 1 | R65: 1 | S65: 1 | T65: 1 | U65: 1 | V65: 1 | W65: 1 | X65: 1 | Y65: 1 | Z65: 1 | AA65: 1 | AB65: 1
A66: Laura Howard | B66: Active | C66: 43586 | E66: 0 | F66: 0 | G66: 0 | H66: 0 | I66: 1 | J66: 1 | K66: 1 | L66: 1 | M66: 1 | N66: 1 | O66: 1 | P66: 1 | Q66: 1 | R66: 1 | S66: 1 | T66: 1 | U66: 1 | V66: 1 | W66: 1 | X66: 1 | Y66: 1 | Z66: 1 | AA66: 1 | AB66: 1
A67: Amanda Ward | B67: Churned | C67: 43617 | D67: 43800 | E67: 0 | F67: 0 | G67: 0 | H67: 0 | I67: 0 | J67: 1 | K67: 1 | L67: 1 | M67: 1 | N67: 1 | O67: 1 | P67: 0 | Q67: 0 | R67: 0 | S67: 0 | T67: 0 | U67: 0 | V67: 0 | W67: 0 | X67: 0 | Y67: 0 | Z67: 0 | AA67: 0 | AB67: 0
A68: Justin Torres | B68: Churned | C68: 43617 | D68: 43709 | E68: 0 | F68: 0 | G68: 0 | H68: 0 | I68: 0 | J68: 1 | K68: 1 | L68: 1 | M68: 0 | N68: 0 | O68: 0 | P68: 0 | Q68: 0 | R68: 0 | S68: 0 | T68: 0 | U68: 0 | V68: 0 | W68: 0 | X68: 0 | Y68: 0 | Z68: 0 | AA68: 0 | AB68: 0
A69: Raymond Peterson | B69: Churned | C69: 43617 | D69: 43862 | E69: 0 | F69: 0 | G69: 0 | H69: 0 | I69: 0 | J69: 1 | K69: 1 | L69: 1 | M69: 1 | N69: 1 | O69: 1 | P69: 1 | Q69: 1 | R69: 0 | S69: 0 | T69: 0 | U69: 0 | V69: 0 | W69: 0 | X69: 0 | Y69: 0 | Z69: 0 | AA69: 0 | AB69: 0
A70: Scott Gray | B70: Churned | C70: 43617 | D70: 44075 | E70: 0 | F70: 0 | G70: 0 | H70: 0 | I70: 0 | J70: 1 | K70: 1 | L70: 1 | M70: 1 | N70: 1 | O70: 1 | P70: 1 | Q70: 1 | R70: 1 | S70: 1 | T70: 1 | U70: 1 | V70: 1 | W70: 1 | X70: 1 | Y70: 0 | Z70: 0 | AA70: 0 | AB70: 0
A71: Samuel Ramirez | B71: Active | C71: 43617 | E71: 0 | F71: 0 | G71: 0 | H71: 0 | I71: 0 | J71: 1 | K71: 1 | L71: 1 | M71: 1 | N71: 1 | O71: 1 | P71: 1 | Q71: 1 | R71: 1 | S71: 1 | T71: 1 | U71: 1 | V71: 1 | W71: 1 | X71: 1 | Y71: 1 | Z71: 1 | AA71: 1 | AB71: 1
A72: Brandon James | B72: Active | C72: 43617 | E72: 0 | F72: 0 | G72: 0 | H72: 0 | I72: 0 | J72: 1 | K72: 1 | L72: 1 | M72: 1 | N72: 1 | O72: 1 | P72: 1 | Q72: 1 | R72: 1 | S72: 1 | T72: 1 | U72: 1 | V72: 1 | W72: 1 | X72: 1 | Y72: 1 | Z72: 1 | AA72: 1 | AB72: 1
A73: Melissa Watson | B73: Active | C73: 43617 | E73: 0 | F73: 0 | G73: 0 | H73: 0 | I73: 0 | J73: 1 | K73: 1 | L73: 1 | M73: 1 | N73: 1 | O73: 1 | P73: 1 | Q73: 1 | R73: 1 | S73: 1 | T73: 1 | U73: 1 | V73: 1 | W73: 1 | X73: 1 | Y73: 1 | Z73: 1 | AA73: 1 | AB73: 1
A74: Benjamin Brooks | B74: Active | C74: 43617 | E74: 0 | F74: 0 | G74: 0 | H74: 0 | I74: 0 | J74: 1 | K74: 1 | L74: 1 | M74: 1 | N74: 1 | O74: 1 | P74: 1 | Q74: 1 | R74: 1 | S74: 1 | T74: 1 | U74: 1 | V74: 1 | W74: 1 | X74: 1 | Y74: 1 | Z74: 1 | AA74: 1 | AB74: 1
A75: Rebecca Kelly | B75: Churned | C75: 43617 | D75: 44166 | E75: 0 | F75: 0 | G75: 0 | H75: 0 | I75: 0 | J75: 1 | K75: 1 | L75: 1 | M75: 1 | N75: 1 | O75: 1 | P75: 1 | Q75: 1 | R75: 1 | S75: 1 | T75: 1 | U75: 1 | V75: 1 | W75: 1 | X75: 1 | Y75: 1 | Z75: 1 | AA75: 1 | AB75: 0
A76: Deborah Sanders | B76: Active | C76: 43617 | E76: 0 | F76: 0 | G76: 0 | H76: 0 | I76: 0 | J76: 1 | K76: 1 | L76: 1 | M76: 1 | N76: 1 | O76: 1 | P76: 1 | Q76: 1 | R76: 1 | S76: 1 | T76: 1 | U76: 1 | V76: 1 | W76: 1 | X76: 1 | Y76: 1 | Z76: 1 | AA76: 1 | AB76: 1
A77: Stephanie Price | B77: Active | C77: 43617 | E77: 0 | F77: 0 | G77: 0 | H77: 0 | I77: 0 | J77: 1 | K77: 1 | L77: 1 | M77: 1 | N77: 1 | O77: 1 | P77: 1 | Q77: 1 | R77: 1 | S77: 1 | T77: 1 | U77: 1 | V77: 1 | W77: 1 | X77: 1 | Y77: 1 | Z77: 1 | AA77: 1 | AB77: 1
A78: Sharon Bennett | B78: Churned | C78: 43647 | D78: 43952 | E78: 0 | F78: 0 | G78: 0 | H78: 0 | I78: 0 | J78: 0 | K78: 1 | L78: 1 | M78: 1 | N78: 1 | O78: 1 | P78: 1 | Q78: 1 | R78: 1 | S78: 1 | T78: 1 | U78: 0 | V78: 0 | W78: 0 | X78: 0 | Y78: 0 | Z78: 0 | AA78: 0 | AB78: 0
A79: Kathleen Wood | B79: Churned | C79: 43647 | D79: 43831 | E79: 0 | F79: 0 | G79: 0 | H79: 0 | I79: 0 | J79: 0 | K79: 1 | L79: 1 | M79: 1 | N79: 1 | O79: 1 | P79: 1 | Q79: 0 | R79: 0 | S79: 0 | T79: 0 | U79: 0 | V79: 0 | W79: 0 | X79: 0 | Y79: 0 | Z79: 0 | AA79: 0 | AB79: 0
A80: Cynthia Barnes | B80: Churned | C80: 43647 | D80: 44044 | E80: 0 | F80: 0 | G80: 0 | H80: 0 | I80: 0 | J80: 0 | K80: 1 | L80: 1 | M80: 1 | N80: 1 | O80: 1 | P80: 1 | Q80: 1 | R80: 1 | S80: 1 | T80: 1 | U80: 1 | V80: 1 | W80: 1 | X80: 0 | Y80: 0 | Z80: 0 | AA80: 0 | AB80: 0
A81: Gregory Ross | B81: Active | C81: 43647 | E81: 0 | F81: 0 | G81: 0 | H81: 0 | I81: 0 | J81: 0 | K81: 1 | L81: 1 | M81: 1 | N81: 1 | O81: 1 | P81: 1 | Q81: 1 | R81: 1 | S81: 1 | T81: 1 | U81: 1 | V81: 1 | W81: 1 | X81: 1 | Y81: 1 | Z81: 1 | AA81: 1 | AB81: 1
A82: Jack Henderson | B82: Active | C82: 43647 | E82: 0 | F82: 0 | G82: 0 | H82: 0 | I82: 0 | J82: 0 | K82: 1 | L82: 1 | M82: 1 | N82: 1 | O82: 1 | P82: 1 | Q82: 1 | R82: 1 | S82: 1 | T82: 1 | U82: 1 | V82: 1 | W82: 1 | X82: 1 | Y82: 1 | Z82: 1 | AA82: 1 | AB82: 1
A83: Amy Coleman | B83: Churned | C83: 43647 | D83: 43862 | E83: 0 | F83: 0 | G83: 0 | H83: 0 | I83: 0 | J83: 0 | K83: 1 | L83: 1 | M83: 1 | N83: 1 | O83: 1 | P83: 1 | Q83: 1 | R83: 0 | S83: 0 | T83: 0 | U83: 0 | V83: 0 | W83: 0 | X83: 0 | Y83: 0 | Z83: 0 | AA83: 0 | AB83: 0
A84: Henry Jenkins | B84: Churned | C84: 43647 | D84: 43862 | E84: 0 | F84: 0 | G84: 0 | H84: 0 | I84: 0 | J84: 0 | K84: 1 | L84: 1 | M84: 1 | N84: 1 | O84: 1 | P84: 1 | Q84: 1 | R84: 0 | S84: 0 | T84: 0 | U84: 0 | V84: 0 | W84: 0 | X84: 0 | Y84: 0 | Z84: 0 | AA84: 0 | AB84: 0
A85: Shirley Perry | B85: Active | C85: 43647 | E85: 0 | F85: 0 | G85: 0 | H85: 0 | I85: 0 | J85: 0 | K85: 1 | L85: 1 | M85: 1 | N85: 1 | O85: 1 | P85: 1 | Q85: 1 | R85: 1 | S85: 1 | T85: 1 | U85: 1 | V85: 1 | W85: 1 | X85: 1 | Y85: 1 | Z85: 1 | AA85: 1 | AB85: 1
A86: Patrick Powell | B86: Active | C86: 43647 | E86: 0 | F86: 0 | G86: 0 | H86: 0 | I86: 0 | J86: 0 | K86: 1 | L86: 1 | M86: 1 | N86: 1 | O86: 1 | P86: 1 | Q86: 1 | R86: 1 | S86: 1 | T86: 1 | U86: 1 | V86: 1 | W86: 1 | X86: 1 | Y86: 1 | Z86: 1 | AA86: 1 | AB86: 1
A87: Alexander Long | B87: Churned | C87: 43647 | D87: 44136 | E87: 0 | F87: 0 | G87: 0 | H87: 0 | I87: 0 | J87: 0 | K87: 1 | L87: 1 | M87: 1 | N87: 1 | O87: 1 | P87: 1 | Q87: 1 | R87: 1 | S87: 1 | T87: 1 | U87: 1 | V87: 1 | W87: 1 | X87: 1 | Y87: 1 | Z87: 1 | AA87: 0 | AB87: 0
A88: Emma Patterson | B88: Active | C88: 43647 | E88: 0 | F88: 0 | G88: 0 | H88: 0 | I88: 0 | J88: 0 | K88: 1 | L88: 1 | M88: 1 | N88: 1 | O88: 1 | P88: 1 | Q88: 1 | R88: 1 | S88: 1 | T88: 1 | U88: 1 | V88: 1 | W88: 1 | X88: 1 | Y88: 1 | Z88: 1 | AA88: 1 | AB88: 1
A89: Angela Hughes | B89: Active | C89: 43678 | E89: 0 | F89: 0 | G89: 0 | H89: 0 | I89: 0 | J89: 0 | K89: 0 | L89: 1 | M89: 1 | N89: 1 | O89: 1 | P89: 1 | Q89: 1 | R89: 1 | S89: 1 | T89: 1 | U89: 1 | V89: 1 | W89: 1 | X89: 1 | Y89: 1 | Z89: 1 | AA89: 1 | AB89: 1
A90: Catherine Flores | B90: Churned | C90: 43678 | D90: 43709 | E90: 0 | F90: 0 | G90: 0 | H90: 0 | I90: 0 | J90: 0 | K90: 0 | L90: 1 | M90: 0 | N90: 0 | O90: 0 | P90: 0 | Q90: 0 | R90: 0 | S90: 0 | T90: 0 | U90: 0 | V90: 0 | W90: 0 | X90: 0 | Y90: 0 | Z90: 0 | AA90: 0 | AB90: 0
A91: Virginia Washington | B91: Active | C91: 43678 | E91: 0 | F91: 0 | G91: 0 | H91: 0 | I91: 0 | J91: 0 | K91: 0 | L91: 1 | M91: 1 | N91: 1 | O91: 1 | P91: 1 | Q91: 1 | R91: 1 | S91: 1 | T91: 1 | U91: 1 | V91: 1 | W91: 1 | X91: 1 | Y91: 1 | Z91: 1 | AA91: 1 | AB91: 1
A92: Katherine Butler | B92: Active | C92: 43678 | E92: 0 | F92: 0 | G92: 0 | H92: 0 | I92: 0 | J92: 0 | K92: 0 | L92: 1 | M92: 1 | N92: 1 | O92: 1 | P92: 1 | Q92: 1 | R92: 1 | S92: 1 | T92: 1 | U92: 1 | V92: 1 | W92: 1 | X92: 1 | Y92: 1 | Z92: 1 | AA92: 1 | AB92: 1
A93: Walter Simmons | B93: Churned | C93: 43709 | D93: 44075 | E93: 0 | F93: 0 | G93: 0 | H93: 0 | I93: 0 | J93: 0 | K93: 0 | L93: 0 | M93: 1 | N93: 1 | O93: 1 | P93: 1 | Q93: 1 | R93: 1 | S93: 1 | T93: 1 | U93: 1 | V93: 1 | W93: 1 | X93: 1 | Y93: 0 | Z93: 0 | AA93: 0 | AB93: 0
A94: Dennis Foster | B94: Active | C94: 43709 | E94: 0 | F94: 0 | G94: 0 | H94: 0 | I94: 0 | J94: 0 | K94: 0 | L94: 0 | M94: 1 | N94: 1 | O94: 1 | P94: 1 | Q94: 1 | R94: 1 | S94: 1 | T94: 1 | U94: 1 | V94: 1 | W94: 1 | X94: 1 | Y94: 1 | Z94: 1 | AA94: 1 | AB94: 1
A95: Jerry Gonzales | B95: Churned | C95: 43709 | D95: 43831 | E95: 0 | F95: 0 | G95: 0 | H95: 0 | I95: 0 | J95: 0 | K95: 0 | L95: 0 | M95: 1 | N95: 1 | O95: 1 | P95: 1 | Q95: 0 | R95: 0 | S95: 0 | T95: 0 | U95: 0 | V95: 0 | W95: 0 | X95: 0 | Y95: 0 | Z95: 0 | AA95: 0 | AB95: 0
A96: Brenda Bryant | B96: Active | C96: 43709 | E96: 0 | F96: 0 | G96: 0 | H96: 0 | I96: 0 | J96: 0 | K96: 0 | L96: 0 | M96: 1 | N96: 1 | O96: 1 | P96: 1 | Q96: 1 | R96: 1 | S96: 1 | T96: 1 | U96: 1 | V96: 1 | W96: 1 | X96: 1 | Y96: 1 | Z96: 1 | AA96: 1 | AB96: 1
A97: Pamela Alexander | B97: Churned | C97: 43709 | D97: 43770 | E97: 0 | F97: 0 | G97: 0 | H97: 0 | I97: 0 | J97: 0 | K97: 0 | L97: 0 | M97: 1 | N97: 1 | O97: 0 | P97: 0 | Q97: 0 | R97: 0 | S97: 0 | T97: 0 | U97: 0 | V97: 0 | W97: 0 | X97: 0 | Y97: 0 | Z97: 0 | AA97: 0 | AB97: 0
A98: Frances Russell | B98: Churned | C98: 43709 | D98: 44075 | E98: 0 | F98: 0 | G98: 0 | H98: 0 | I98: 0 | J98: 0 | K98: 0 | L98: 0 | M98: 1 | N98: 1 | O98: 1 | P98: 1 | Q98: 1 | R98: 1 | S98: 1 | T98: 1 | U98: 1 | V98: 1 | W98: 1 | X98: 1 | Y98: 0 | Z98: 0 | AA98: 0 | AB98: 0
A99: Tyler Griffin | B99: Active | C99: 43709 | E99: 0 | F99: 0 | G99: 0 | H99: 0 | I99: 0 | J99: 0 | K99: 0 | L99: 0 | M99: 1 | N99: 1 | O99: 1 | P99: 1 | Q99: 1 | R99: 1 | S99: 1 | T99: 1 | U99: 1 | V99: 1 | W99: 1 | X99: 1 | Y99: 1 | Z99: 1 | AA99: 1 | AB99: 1
A100: Nicole Diaz | B100: Active | C100: 43709 | E100: 0 | F100: 0 | G100: 0 | H100: 0 | I100: 0 | J100: 0 | K100: 0 | L100: 0 | M100: 1 | N100: 1 | O100: 1 | P100: 1 | Q100: 1 | R100: 1 | S100: 1 | T100: 1 | U100: 1 | V100: 1 | W100: 1 | X100: 1 | Y100: 1 | Z100: 1 | AA100: 1 | AB100: 1
...

Sheet referencia
A1: Mes de Registro | B1: Nuevos Clientes | C1: =+DATE(2019,1,1) -> 43466 | D1: =+EDATE(C1,1) -> 43497 | E1: =+EDATE(D1,1) -> 43525 | F1: =+EDATE(E1,1) -> 43556 | G1: =+EDATE(F1,1) -> 43586 | H1: =+EDATE(G1,1) -> 43617 | I1: =+EDATE(H1,1) -> 43647 | J1: =+EDATE(I1,1) -> 43678 | K1: =+EDATE(J1,1) -> 43709 | ... Z1: =+EDATE(Y1,1) -> 44166
A2: 43466 | B2: 11 | C2: 11 | D2: 11 | E2: 10 | F2: 10 | G2: 10 | H2: 10 | I2: 10 | J2: 9 | K2: 8 | L2: 8 | M2: 8 | N2: 8 | O2: 8 | P2: 8 | Q2: 8 | R2: 8 | S2: 8 | T2: 8 | U2: 8 | V2: 8 | W2: 7 | X2: 7 | Y2: 7 | Z2: 7
A3: 43497 | B3: 13 | C3: 0 | D3: 13 | E3: 13 | F3: 12 | G3: 11 | H3: 10 | I3: 10 | J3: 10 | K3: 10 | L3: 9 | M3: 8 | N3: 8 | O3: 8 | P3: 8 | Q3: 8 | R3: 8 | S3: 8 | T3: 8 | U3: 8 | V3: 8 | W3: 8 | X3: 8 | Y3: 8 | Z3: 8
A4: 43525 | B4: 13 | C4: 0 | D4: 0 | E4: 13 | F4: 13 | G4: 13 | H4: 13 | I4: 13 | J4: 13 | K4: 12 | L4: 11 | M4: 11 | N4: 11 | O4: 11 | P4: 11 | Q4: 10 | R4: 10 | S4: 7 | T4: 6 | U4: 6 | V4: 6 | W4: 5 | X4: 4 | Y4: 4 | Z4: 4
A5: 43556 | B5: 15 | C5: 0 | D5: 0 | E5: 0 | F5: 15 | G5: 15 | H5: 14 | I5: 14 | J5: 13 | K5: 12 | L5: 12 | M5: 11 | N5: 11 | O5: 9 | P5: 9 | Q5: 9 | R5: 7 | S5: 7 | T5: 7 | U5: 7 | V5: 7 | W5: 7 | X5: 7 | Y5: 7 | Z5: 7
A6: 43586 | B6: 13 | C6: 0 | D6: 0 | E6: 0 | F6: 0 | G6: 13 | H6: 13 | I6: 13 | J6: 12 | K6: 11 | L6: 10 | M6: 10 | N6: 10 | O6: 10 | P6: 9 | Q6: 9 | R6: 9 | S6: 8 | T6: 8 | U6: 6 | V6: 6 | W6: 6 | X6: 6 | Y6: 6 | Z6: 6
A7: 43617 | B7: 11 | C7: 0 | D7: 0 | E7: 0 | F7: 0 | G7: 0 | H7: 11 | I7: 11 | J7: 11 | K7: 10 | L7: 10 | M7: 10 | N7: 9 | O7: 9 | P7: 8 | Q7: 8 | R7: 8 | S7: 8 | T7: 8 | U7: 8 | V7: 8 | W7: 7 | X7: 7 | Y7: 7 | Z7: 6
A8: 43647 | B8: 11 | C8: 0 | D8: 0 | E8: 0 | F8: 0 | G8: 0 | H8: 0 | I8: 11 | J8: 11 | K8: 11 | L8: 11 | M8: 11 | N8: 11 | O8: 10 | P8: 8 | Q8: 8 | R8: 8 | S8: 7 | T8: 7 | U8: 7 | V8: 6 | W8: 6 | X8: 6 | Y8: 5 | Z8: 5
A9: 43678 | B9: 4 | C9: 0 | D9: 0 | E9: 0 | F9: 0 | G9: 0 | H9: 0 | I9: 0 | J9: 4 | K9: 3 | L9: 3 | M9: 3 | N9: 3 | O9: 3 | P9: 3 | Q9: 3 | R9: 3 | S9: 3 | T9: 3 | U9: 3 | V9: 3 | W9: 3 | X9: 3 | Y9: 3 | Z9: 3
A10: 43709 | B10: 8 | C10: 0 | D10: 0 | E10: 0 | F10: 0 | G10: 0 | H10: 0 | I10: 0 | J10: 0 | K10: 8 | L10: 8 | M10: 7 | N10: 7 | O10: 6 | P10: 6 | Q10: 6 | R10: 6 | S10: 6 | T10: 6 | U10: 6 | V10: 6 | W10: 4 | X10: 4 | Y10: 4 | Z10: 4
A11: 43739 | B11: 15 | C11: 0 | D11: 0 | E11: 0 | F11: 0 | G11: 0 | H11: 0 | I11: 0 | J11: 0 | K11: 0 | L11: 15 | M11: 15 | N11: 15 | O11: 15 | P11: 15 | Q11: 14 | R11: 14 | S11: 14 | T11: 14 | U11: 13 | V11: 13 | W11: 13 | X11: 12 | Y11: 11 | Z11: 11
A12: 43770 | B12: 13 | C12: 0 | D12: 0 | E12: 0 | F12: 0 | G12: 0 | H12: 0 | I12: 0 | J12: 0 | K12: 0 | L12: 0 | M12: 13 | N12: 13 | O12: 13 | P12: 13 | Q12: 13 | R12: 12 | S12: 10 | T12: 10 | U12: 10 | V12: 10 | W12: 10 | X12: 10 | Y12: 10 | Z12: 9
A13: 43800 | B13: 6 | C13: 0 | D13: 0 | E13: 0 | F13: 0 | G13: 0 | H13: 0 | I13: 0 | J13: 0 | K13: 0 | L13: 0 | M13: 0 | N13: 6 | O13: 6 | P13: 6 | Q13: 6 | R13: 6 | S13: 6 | T13: 6 | U13: 6 | V13: 6 | W13: 6 | X13: 6 | Y13: 6 | Z13: 6
... A25: 44166 | B25: 16 | C25: 0 | D25: 0 | E25: 0 | F25: 0 | G25: 0 | H25: 0 | I25: 0 | J25: 0 | K25: 0 | L25: 0 | M25: 0 | N25: 0 | O25: 0 | P25: 0 | Q25: 0 | R25: 0 | S25: 0 | T25: 0 | U25: 0 | V25: 0 | W25: 0 | X25: 0 | Y25: 0 | Z25: 16
A26: Total | B26: 330 | C26: 11 | D26: 24 | E26: 36 | F26: 50 | G26: 62 | H26: 71 | I26: 82 | J26: 83 | K26: 85 | L26: 97 | M26: 107 | N26: 112 | O26: 129 | P26: 136 | Q26: 144 | R26: 157 | S26: 175 | T26: 189 | U26: 207 | V26: 230 | W26: 220 | X26: 227 | Y26: 228 | Z26: 233

Sheet retencion_mensual
A1: Mes de Registro | B1: Nuevos Clientes | C1: 01/2019 | D1: 02/2019 | E1: 03/2019 | F1: 04/2019 | G1: 05/2019 | H1: 06/2019 | I1: 07/2019 | J1: 08/2019 | K1: 09/2019 | L1: 10/2019 | M1: 11/2019 | N1: 12/2019 | O1: 01/2020 | P1: 02/2020 | Q1: 03/2020 | R1: 04/2020 | S1: 05/2020 | T1: 06/2020 | U1: 07/2020 | V1: 08/2020 | W1: 09/2020 | X1: 10/2020 | Y1: 11/2020 | Z1: 12/2020
A2: 43466 | B2: 11 | C2: 11 | D2: 11 | E2: 10 | F2: 10 | G2: 10 | H2: 10 | I2: 10 | J2: 9 | K2: 8 | L2: 8 | M2: 8 | N2: 8 | O2: 8 | P2: 8 | Q2: 8 | R2: 8 | S2: 8 | T2: 8 | U2: 8 | V2: 8 | W2: 7 | X2: 7 | Y2: 7 | Z2: 7
A3: 43497 | B3: 13 | C3: 0 | D3: 13 | E3: 13 | F3: 12 | G3: 11 | H3: 10 | I3: 10 | J3: 10 | K3: 10 | L3: 9 | M3: 8 | N3: 8 | O3: 8 | P3: 8 | Q3: 8 | R3: 8 | S3: 8 | T3: 8 | U3: 8 | V3: 8 | W3: 8 | X3: 8 | Y3: 8 | Z3: 8
A4: 43525 | B4: 13 | C4: 0 | D4: 0 | E4: 13 | F4: 13 | G4: 13 | H4: 13 | I4: 13 | J4: 13 | K4: 12 | L4: 11 | M4: 11 | N4: 11 | O4: 11 | P4: 11 | Q4: 10 | R4: 10 | S4: 7 | T4: 6 | U4: 6 | V4: 6 | W4: 5 | X4: 4 | Y4: 4 | Z4: 4
A5: 43556 | B5: 15 | C5: 0 | D5: 0 | E5: 0 | F5: 15 | G5: 15 | H5: 14 | I5: 14 | J5: 13 | K5: 12 | L5: 12 | M5: 11 | N5: 11 | O5: 9 | P5: 9 | Q5: 9 | R5: 7 | S5: 7 | T5: 7 | U5: 7 | V5: 7 | W5: 7 | X5: 7 | Y5: 7 | Z5: 7
A6: 43586 | B6: 13 | C6: 0 | D6: 0 | E6: 0 | F6: 0 | G6: 13 | H6: 13 | I6: 13 | J6: 12 | K6: 11 | L6: 10 | M6: 10 | N6: 10 | O6: 10 | P6: 9 | Q6: 9 | R6: 9 | S6: 8 | T6: 8 | U6: 6 | V6: 6 | W6: 6 | X6: 6 | Y6: 6 | Z6: 6
A7: 43617 | B7: 11 | C7: 0 | D7: 0 | E7: 0 | F7: 0 | G7: 0 | H7: 11 | I7: 11 | J7: 11 | K7: 10 | L7: 10 | M7: 10 | N7: 9 | O7: 9 | P7: 8 | Q7: 8 | R7: 8 | S7: 8 | T7: 8 | U7: 8 | V7: 8 | W7: 7 | X7: 7 | Y7: 7 | Z7: 6
A8: 43647 | B8: 11 | C8: 0 | D8: 0 | E8: 0 | F8: 0 | G8: 0 | H8: 0 | I8: 11 | J8: 11 | K8: 11 | L8: 11 | M8: 11 | N8: 11 | O8: 10 | P8: 8 | Q8: 8 | R8: 8 | S8: 7 | T8: 7 | U8: 7 | V8: 6 | W8: 6 | X8: 6 | Y8: 5 | Z8: 5
A9: 43678 | B9: 4 | C9: 0 | D9: 0 | E9: 0 | F9: 0 | G9: 0 | H9: 0 | I9: 0 | J9: 4 | K9: 3 | L9: 3 | M9: 3 | N9: 3 | O9: 3 | P9: 3 | Q9: 3 | R9: 3 | S9: 3 | T9: 3 | U9: 3 | V9: 3 | W9: 3 | X9: 3 | Y9: 3 | Z9: 3
A10: 43709 | B10: 8 | C10: 0 | D10: 0 | E10: 0 | F10: 0 | G10: 0 | H10: 0 | I10: 0 | J10: 0 | K10: 8 | L10: 8 | M10: 7 | N10: 7 | O10: 6 | P10: 6 | Q10: 6 | R10: 6 | S10: 6 | T10: 6 | U10: 6 | V10: 6 | W10: 4 | X10: 4 | Y10: 4 | Z10: 4
A11: 43739 | B11: 15 | C11: 0 | D11: 0 | E11: 0 | F11: 0 | G11: 0 | H11: 0 | I11: 0 | J11: 0 | K11: 0 | L11: 15 | M11: 15 | N11: 15 | O11: 15 | P11: 15 | Q11: 14 | R11: 14 | S11: 14 | T11: 14 | U11: 13 | V11: 13 | W11: 13 | X11: 12 | Y11: 11 | Z11: 11
A12: 43770 | B12: 13 | C12: 0 | D12: 0 | E12: 0 | F12: 0 | G12: 0 | H12: 0 | I12: 0 | J12: 0 | K12: 0 | L12: 0 | M12: 13 | N12: 13 | O12: 13 | P12: 13 | Q12: 13 | R12: 12 | S12: 10 | T12: 10 | U12: 10 | V12: 10 | W12: 10 | X12: 10 | Y12: 10 | Z12: 9
A13: 43800 | B13: 6 | C13: 0 | D13: 0 | E13: 0 | F13: 0 | G13: 0 | H13: 0 | I13: 0 | J13: 0 | K13: 0 | L13: 0 | M13: 0 | N13: 6 | O13: 6 | P13: 6 | Q13: 6 | R13: 6 | S13: 6 | T13: 6 | U13: 6 | V13: 6 | W13: 6 | X13: 6 | Y13: 6 | Z13: 6
... A25: 44166 | B25: 16 | C25: 0 | D25: 0 | E25: 0 | F25: 0 | G25: 0 | H25: 0 | I25: 0 | J25: 0 | K25: 0 | L25: 0 | M25: 0 | N25: 0 | O25: 0 | P25: 0 | Q25: 0 | R25: 0 | S25: 0 | T25: 0 | U25: 0 | V25: 0 | W25: 0 | X25: 0 | Y25: 0 | Z25: 16
A26: Total | B26: 330 | C26: 11 | D26: 24 | E26: 36 | F26: 50 | G26: 62 | H26: 71 | I26: 82 | J26: 83 | K26: 85 | L26: 97 | M26: 107 | N26: 112 | O26: 129 | P26: 136 | Q26: 144 | R26: 157 | S26: 175 | T26: 189 | U26: 207 | V26: 230 | W26: 220 | X26: 227 | Y26: 228 | Z26: 233
A33: Mes de Registro | B33: Nuevos Clientes | C33: mes 1 | D33: mes 2 | E33: mes 3 | F33: mes 4 | G33: mes 5 | H33: mes 6 | I33: mes 7 | J33: mes 8 | K33: mes 9 | L33: mes 10 | M33: mes 11 | N33: mes 12 | O33: mes 13 | P33: mes 14 | Q33: mes 15 | R33: mes 16 | S33: mes 17 | T33: mes 18 | U33: mes 19 | V33: mes 20 | W33: mes 21 | X33: mes 22 | Y33: mes 23 | Z33: mes 24
A34: 43466 | B34: 11 | C34: =IFERROR((INDEX(referencia!$C2:$Z2,1,(MATCH(referencia!$A2,referencia!$C$1:$Z$1,0)+COLUMNS(referencia!$C:C)-1)))," ") -> 11 | D34: =IFERROR((INDEX(referencia!$C2:$Z2,1,(MATCH(referencia!$A2,referencia!$C$1:$Z$1,0)+COLUMNS(referencia!$C:D)-1)))," ") -> 11 | E34: =IFERROR((INDEX(referencia!$C2:$Z2,1,(MATCH(referencia!$A2,referencia!$C$1:$Z$1,0)+COLUMNS(referencia!$C:E)-1)))," ") -> 10 | F34: =IFERROR((INDEX(referencia!$C2:$Z2,1,(MATCH(referencia!$A2,referencia!$C$1:$Z$1,0)+COLUMNS(referencia!$C:F)-1)))," ") -> 10 | G34: =IFERROR((INDEX(referencia!$C2:$Z2,1,(MATCH(referencia!$A2,referencia!$C$1:$Z$1,0)+COLUMNS(referencia!$C:G)-1)))," ") -> 10 | H34: =IFERROR((INDEX(referencia!$C2:$Z2,1,(MATCH(referencia!$A2,referencia!$C$1:$Z$1,0)+COLUMNS(referencia!$C:H)-1)))," ") -> 10 | I34: =IFERROR((INDEX(referencia!$C2:$Z2,1,(MATCH(referencia!$A2,referencia!$C$1:$Z$1,0)+COLUMNS(referencia!$C:I)-1)))," ") -> 10 | J34: =IFERROR((INDEX(referencia!$C2:$Z2,1,(MATCH(referencia!$A2,referencia!$C$1:$Z$1,0)+COLUMNS(referencia!$C:J)-1)))," ") -> 9 | K34: =IFERROR((INDEX(referencia!$C2:$Z2,1,(MATCH(referencia!$A2,referencia!$C$1:$Z$1,0)+COLUMNS(referencia!$C:K)-1)))," ") -> 8 | L34: =IFERROR((INDEX(referencia!$C2:$Z2,1,(MATCH(referencia!$A2,referencia!$C$1:$Z$1,0)+COLUMNS(referencia!$C:L)-1)))," ") -> 8 | M34: =IFERROR((INDEX(referencia!$C2:$Z2,1,(MATCH(referencia!$A2,referencia!$C$1:$Z$1,0)+COLUMNS(referencia!$C:M)-1)))," ") -> 8 | N34: =IFERROR((INDEX(referencia!$C2:$Z2,1,(MATCH(referencia!$A2,referencia!$C$1:$Z$1,0)+COLUMNS(referencia!$C:N)-1)))," ") -> 8 | O34: =IFERROR((INDEX(referencia!$C2:$Z2,1,(MATCH(referencia!$A2,referencia!$C$1:$Z$1,0)+COLUMNS(referencia!$C:O)-1)))," ") -> 8 | P34: =IFERROR((INDEX(referencia!$C2:$Z2,1,(MATCH(referencia!$A2,referencia!$C$1:$Z$1,0)+COLUMNS(referencia!$C:P)-1)))," ") -> 8 | Q34: =IFERROR((INDEX(referencia!$C2:$Z2,1,(MATCH(referencia!$A2,referencia!$C$1:$Z$1,0)+COLUMNS(referencia!$C:Q)-1)))," ") -> 8 | R34: =IFERROR((INDEX(referencia!$C2:$Z2,1,(MATCH(referencia!$A2,referencia!$C$1:$Z$1,0)+COLUMNS(referencia!$C:R)-1)))," ") -> 8 | S34: =IFERROR((INDEX(referencia!$C2:$Z2,1,(MATCH(referencia!$A2,referencia!$C$1:$Z$1,0)+COLUMNS(referencia!$C:S)-1)))," ") -> 8 | T34: =IFERROR((INDEX(referencia!$C2:$Z2,1,(MATCH(referencia!$A2,referencia!$C$1:$Z$1,0)+COLUMNS(referencia!$C:T)-1)))," ") -> 8 | U34: =IFERROR((INDEX(referencia!$C2:$Z2,1,(MATCH(referencia!$A2,referencia!$C$1:$Z$1,0)+COLUMNS(referencia!$C:U)-1)))," ") -> 8 | V34: =IFERROR((INDEX(referencia!$C2:$Z2,1,(MATCH(referencia!$A2,referencia!$C$1:$Z$1,0)+COLUMNS(referencia!$C:V)-1)))," ") -> 8 | W34: =IFERROR((INDEX(referencia!$C2:$Z2,1,(MATCH(referencia!$A2,referencia!$C$1:$Z$1,0)+COLUMNS(referencia!$C:W)-1)))," ") -> 7 | X34: =IFERROR((INDEX(referencia!$C2:$Z2,1,(MATCH(referencia!$A2,referencia!$C$1:$Z$1,0)+COLUMNS(referencia!$C:X)-1)))," ") -> 7 | Y34: =IFERROR((INDEX(referencia!$C2:$Z2,1,(MATCH(referencia!$A2,referencia!$C$1:$Z$1,0)+COLUMNS(referencia!$C:Y)-1)))," ") -> 7 | Z34: =IFERROR((INDEX(referencia!$C2:$Z2,1,(MATCH(referencia!$A2,referencia!$C$1:$Z$1,0)+COLUMNS(referencia!$C:Z)-1)))," ") -> 7
A35: 43497 | B35: 13 | C35: =IFERROR((INDEX(referencia!$C3:$Z3,1,(MATCH(referencia!$A3,referencia!$C$1:$Z$1,0)+COLUMNS(referencia!$C:C)-1)))," ") -> 13 | D35: =IFERROR((INDEX(referencia!$C3:$Z3,1,(MATCH(referencia!$A3,referencia!$C$1:$Z$1,0)+COLUMNS(referencia!$C:D)-1)))," ") -> 13 | E35: =IFERROR((INDEX(referencia!$C3:$Z3,1,(MATCH(referencia!$A3,referencia!$C$1:$Z$1,0)+COLUMNS(referencia!$C:E)-1)))," ") -> 12 | F35: =IFERROR((INDEX(referencia!$C3:$Z3,1,(MATCH(referencia!$A3,referencia!$C$1:$Z$1,0)+COLUMNS(referencia!$C:F)-1)))," ") -> 11 | G35: =IFERROR((INDEX(referencia!$C3:$Z3,1,(MATCH(referencia!$A3,referencia!$C$1:$Z$1,0)+COLUMNS(referencia!$C:G)-1)))," ") -> 10 | H35: =IFERROR((INDEX(referencia!$C3:$Z3,1,(MATCH(referencia!$A3,referencia!$C$1:$Z$1,0)+COLUMNS(referencia!$C:H)-1)))," ") -> 10 | I35: =IFERROR((INDEX(referencia!$C3:$Z3,1,(MATCH(referencia!$A3,referencia!$C$1:$Z$1,0)+COLUMNS(referencia!$C:I)-1)))," ") -> 10 | J35: =IFERROR((INDEX(referencia!$C3:$Z3,1,(MATCH(referencia!$A3,referencia!$C$1:$Z$1,0)+COLUMNS(referencia!$C:J)-1)))," ") -> 10 | K35: =IFERROR((INDEX(referencia!$C3:$Z3,1,(MATCH(referencia!$A3,referencia!$C$1:$Z$1,0)+COLUMNS(referencia!$C:K)-1)))," ") -> 9 | L35: =IFERROR((INDEX(referencia!$C3:$Z3,1,(MATCH(referencia!$A3,referencia!$C$1:$Z$1,0)+COLUMNS(referencia!$C:L)-1)))," ") -> 8 | M35: =IFERROR((INDEX(referencia!$C3:$Z3,1,(MATCH(referencia!$A3,referencia!$C$1:$Z$1,0)+COLUMNS(referencia!$C:M)-1)))," ") -> 8 | N35: =IFERROR((INDEX(referencia!$C3:$Z3,1,(MATCH(referencia!$A3,referencia!$C$1:$Z$1,0)+COLUMNS(referencia!$C:N)-1)))," ") -> 8 | O35: =IFERROR((INDEX(referencia!$C3:$Z3,1,(MATCH(referencia!$A3,referencia!$C$1:$Z$1,0)+COLUMNS(referencia!$C:O)-1)))," ") -> 8 | P35: =IFERROR((INDEX(referencia!$C3:$Z3,1,(MATCH(referencia!$A3,referencia!$C$1:$Z$1,0)+COLUMNS(referencia!$C:P)-1)))," ") -> 8 | Q35: =IFERROR((INDEX(referencia!$C3:$Z3,1,(MATCH(referencia!$A3,referencia!$C$1:$Z$1,0)+COLUMNS(referencia!$C:Q)-1)))," ") -> 8 | R35: =IFERROR((INDEX(referencia!$C3:$Z3,1,(MATCH(referencia!$A3,referencia!$C$1:$Z$1,0)+COLUMNS(referencia!$C:R)-1)))," ") -> 8 | S35: =IFERROR((INDEX(referencia!$C3:$Z3,1,(MATCH(referencia!$A3,referencia!$C$1:$Z$1,0)+COLUMNS(referencia!$C:S)-1)))," ") -> 8 | T35: =IFERROR((INDEX(referencia!$C3:$Z3,1,(MATCH(referencia!$A3,referencia!$C$1:$Z$1,0)+COLUMNS(referencia!$C:T)-1)))," ") -> 8 | U35: =IFERROR((INDEX(referencia!$C3:$Z3,1,(MATCH(referencia!$A3,referencia!$C$1:$Z$1,0)+COLUMNS(referencia!$C:U)-1)))," ") -> 8 | V35: =IFERROR((INDEX(referencia!$C3:$Z3,1,(MATCH(referencia!$A3,referencia!$C$1:$Z$1,0)+COLUMNS(referencia!$C:V)-1)))," ") -> 8 | W35: =IFERROR((INDEX(referencia!$C3:$Z3,1,(MATCH(referencia!$A3,referencia!$C$1:$Z$1,0)+COLUMNS(referencia!$C:W)-1)))," ") -> 8 | X35: =IFERROR((INDEX(referencia!$C3:$Z3,1,(MATCH(referencia!$A3,referencia!$C$1:$Z$1,0)+COLUMNS(referencia!$C:X)-1)))," ") -> 8 | Y35: =IFERROR((INDEX(referencia!$C3:$Z3,1,(MATCH(referencia!$A3,referencia!$C$1:$Z$1,0)+COLUMNS(referencia!$C:Y)-1)))," ") -> 8 | Z35: =IFERROR((INDEX(referencia!$C3:$Z3,1,(MATCH(referencia!$A3,referencia!$C$1:$Z$1,0)+COLUMNS(referencia!$C:Z)-1)))," ")
A36: 43525 | B36: 13 | C36: =IFERROR((INDEX(referencia!$C4:$Z4,1,(MATCH(referencia!$A4,referencia!$C$1:$Z$1,0)+COLUMNS(referencia!$C:C)-1)))," ") -> 13 | D36: =IFERROR((INDEX(referencia!$C4:$Z4,1,(MATCH(referencia!$A4,referencia!$C$1:$Z$1,0)+COLUMNS(referencia!$C:D)-1)))," ") -> 13 | E36: =IFERROR((INDEX(referencia!$C4:$Z4,1,(MATCH(referencia!$A4,referencia!$C$1:$Z$1,0)+COLUMNS(referencia!$C:E)-1)))," ") -> 13 | F36: =IFERROR((INDEX(referencia!$C4:$Z4,1,(MATCH(referencia!$A4,referencia!$C$1:$Z$1,0)+COLUMNS(referencia!$C:F)-1)))," ") -> 13 | G36: =IFERROR((INDEX(referencia!$C4:$Z4,1,(MATCH(referencia!$A4,referencia!$C$1:$Z$1,0)+COLUMNS(referencia!$C:G)-1)))," ") -> 13 | H36: =IFERROR((INDEX(referencia!$C4:$Z4,1,(MATCH(referencia!$A4,referencia!$C$1:$Z$1,0)+COLUMNS(referencia!$C:H)-1)))," ") -> 13 | I36: =IFERROR((INDEX(referencia!$C4:$Z4,1,(MATCH(referencia!$A4,referencia!$C$1:$Z$1,0)+COLUMNS(referencia!$C:I)-1)))," ") -> 12 | J36: =IFERROR((INDEX(referencia!$C4:$Z4,1,(MATCH(referencia!$A4,referencia!$C$1:$Z$1,0)+COLUMNS(referencia!$C:J)-1)))," ") -> 11 | K36: =IFERROR((INDEX(referencia!$C4:$Z4,1,(MATCH(referencia!$A4,referencia!$C$1:$Z$1,0)+COLUMNS(referencia!$C:K)-1)))," ") -> 11 | L36: =IFERROR((INDEX(referencia!$C4:$Z4,1,(MATCH(referencia!$A4,referencia!$C$1:$Z$1,0)+COLUMNS(referencia!$C:L)-1)))," ") -> 11 | M36: =IFERROR((INDEX(referencia!$C4:$Z4,1,(MATCH(referencia!$A4,referencia!$C$1:$Z$1,0)+COLUMNS(referencia!$C:M)-1)))," ") -> 11 | N36: =IFERROR((INDEX(referencia!$C4:$Z4,1,(MATCH(referencia!$A4,referencia!$C$1:$Z$1,0)+COLUMNS(referencia!$C:N)-1)))," ") -> 11 | O36: =IFERROR((INDEX(referencia!$C4:$Z4,1,(MATCH(referencia!$A4,referencia!$C$1:$Z$1,0)+COLUMNS(referencia!$C:O)-1)))," ") -> 10 | P36: =IFERROR((INDEX(referencia!$C4:$Z4,1,(MATCH(referencia!$A4,referencia!$C$1:$Z$1,0)+COLUMNS(referencia!$C:P)-1)))," ") -> 10 | Q36: =IFERROR((INDEX(referencia!$C4:$Z4,1,(MATCH(referencia!$A4,referencia!$C$1:$Z$1,0)+COLUMNS(referencia!$C:Q)-1)))," ") -> 7 | R36: =IFERROR((INDEX(referencia!$C4:$Z4,1,(MATCH(referencia!$A4,referencia!$C$1:$Z$1,0)+COLUMNS(referencia!$C:R)-1)))," ") -> 6 | S36: =IFERROR((INDEX(referencia!$C4:$Z4,1,(MATCH(referencia!$A4,referencia!$C$1:$Z$1,0)+COLUMNS(referencia!$C:S)-1)))," ") -> 6 | T36: =IFERROR((INDEX(referencia!$C4:$Z4,1,(MATCH(referencia!$A4,referencia!$C$1:$Z$1,0)+COLUMNS(referencia!$C:T)-1)))," ") -> 6 | U36: =IFERROR((INDEX(referencia!$C4:$Z4,1,(MATCH(referencia!$A4,referencia!$C$1:$Z$1,0)+COLUMNS(referencia!$C:U)-1)))," ") -> 5 | V36: =IFERROR((INDEX(referencia!$C4:$Z4,1,(MATCH(referencia!$A4,referencia!$C$1:$Z$1,0)+COLUMNS(referencia!$C:V)-1)))," ") -> 4 | W36: =IFERROR((INDEX(referencia!$C4:$Z4,1,(MATCH(referencia!$A4,referencia!$C$1:$Z$1,0)+COLUMNS(referencia!$C:W)-1)))," ") -> 4 | X36: =IFERROR((INDEX(referencia!$C4:$Z4,1,(MATCH(referencia!$A4,referencia!$C$1:$Z$1,0)+COLUMNS(referencia!$C:X)-1)))," ") -> 4 | Y36: =IFERROR((INDEX(referencia!$C4:$Z4,1,(MATCH(referencia!$A4,referencia!$C$1:$Z$1,0)+COLUMNS(referencia!$C:Y)-1)))," ") | Z36: =IFERROR((INDEX(referencia!$C4:$Z4,1,(MATCH(referencia!$A4,referencia!$C$1:$Z$1,0)+COLUMNS(referencia!$C:Z)-1)))," ")
A37: 43556 | B37: 15 | C37: =IFERROR((INDEX(referencia!$C5:$Z5,1,(MATCH(referencia!$A5,referencia!$C$1:$Z$1,0)+COLUMNS(referencia!$C:C)-1)))," ") -> 15 | D37: =IFERROR((INDEX(referencia!$C5:$Z5,1,(MATCH(referencia!$A5,referencia!$C$1:$Z$1,0)+COLUMNS(referencia!$C:D)-1)))," ") -> 15 | E37: =IFERROR((INDEX(referencia!$C5:$Z5,1,(MATCH(referencia!$A5,referencia!$C$1:$Z$1,0)+COLUMNS(referencia!$C:E)-1)))," ") -> 14 | F37: =IFERROR((INDEX(referencia!$C5:$Z5,1,(MATCH(referencia!$A5,referencia!$C$1:$Z$1,0)+COLUMNS(referencia!$C:F)-1)))," ") -> 14 | G37: =IFERROR((INDEX(referencia!$C5:$Z5,1,(MATCH(referencia!$A5,referencia!$C$1:$Z$1,0)+COLUMNS(referencia!$C:G)-1)))," ") -> 13 | H37: =IFERROR((INDEX(referencia!$C5:$Z5,1,(MATCH(referencia!$A5,referencia!$C$1:$Z$1,0)+COLUMNS(referencia!$C:H)-1)))," ") -> 12 | I37: =IFERROR((INDEX(referencia!$C5:$Z5,1,(MATCH(referencia!$A5,referencia!$C$1:$Z$1,0)+COLUMNS(referencia!$C:I)-1)))," ") -> 12 | J37: =IFERROR((INDEX(referencia!$C5:$Z5,1,(MATCH(referencia!$A5,referencia!$C$1:$Z$1,0)+COLUMNS(referencia!$C:J)-1)))," ") -> 11 | K37: =IFERROR((INDEX(referencia!$C5:$Z5,1,(MATCH(referencia!$A5,referencia!$C$1:$Z$1,0)+COLUMNS(referencia!$C:K)-1)))," ") -> 11 | L37: =IFERROR((INDEX(referencia!$C5:$Z5,1,(MATCH(referencia!$A5,referencia!$C$1:$Z$1,0)+COLUMNS(referencia!$C:L)-1)))," ") -> 9 | M37: =IFERROR((INDEX(referencia!$C5:$Z5,1,(MATCH(referencia!$A5,referencia!$C$1:$Z$1,0)+COLUMNS(referencia!$C:M)-1)))," ") -> 9 | N37: =IFERROR((INDEX(referencia!$C5:$Z5,1,(MATCH(referencia!$A5,referencia!$C$1:$Z$1,0)+COLUMNS(referencia!$C:N)-1)))," ") -> 9 | O37: =IFERROR((INDEX(referencia!$C5:$Z5,1,(MATCH(referencia!$A5,referencia!$C$1:$Z$1,0)+COLUMNS(referencia!$C:O)-1)))," ") -> 7 | P37: =IFERROR((INDEX(referencia!$C5:$Z5,1,(MATCH(referencia!$A5,referencia!$C$1:$Z$1,0)+COLUMNS(referencia!$C:P)-1)))," ") -> 7 | Q37: =IFERROR((INDEX(referencia!$C5:$Z5,1,(MATCH(referencia!$A5,referencia!$C$1:$Z$1,0)+COLUMNS(referencia!$C:Q)-1)))," ") -> 7 | R37: =IFERROR((INDEX(referencia!$C5:$Z5,1,(MATCH(referencia!$A5,referencia!$C$1:$Z$1,0)+COLUMNS(referencia!$C:R)-1)))," ") -> 7 | S37: =IFERROR((INDEX(referencia!$C5:$Z5,1,(MATCH(referencia!$A5,referencia!$C$1:$Z$1,0)+COLUMNS(referencia!$C:S)-1)))," ") -> 7 | T37: =IFERROR((INDEX(referencia!$C5:$Z5,1,(MATCH(referencia!$A5,referencia!$C$1:$Z$1,0)+COLUMNS(referencia!$C:T)-1)))," ") -> 7 | U37: =IFERROR((INDEX(referencia!$C5:$Z5,1,(MATCH(referencia!$A5,referencia!$C$1:$Z$1,0)+COLUMNS(referencia!$C:U)-1)))," ") -> 7 | V37: =IFERROR((INDEX(referencia!$C5:$Z5,1,(MATCH(referencia!$A5,referencia!$C$1:$Z$1,0)+COLUMNS(referencia!$C:V)-1)))," ") -> 7 | W37: =IFERROR((INDEX(referencia!$C5:$Z5,1,(MATCH(referencia!$A5,referencia!$C$1:$Z$1,0)+COLUMNS(referencia!$C:W)-1)))," ") -> 7 | X37: =IFERROR((INDEX(referencia!$C5:$Z5,1,(MATCH(referencia!$A5,referencia!$C$1:$Z$1,0)+COLUMNS(referencia!$C:X)-1)))," ") | Y37: =IFERROR((INDEX(referencia!$C5:$Z5,1,(MATCH(referencia!$A5,referencia!$C$1:$Z$1,0)+COLUMNS(referencia!$C:Y)-1)))," ") | Z37: =IFERROR((INDEX(referencia!$C5:$Z5,1,(MATCH(referencia!$A5,referencia!$C$1:$Z$1,0)+COLUMNS(referencia!$C:Z)-1)))," ")
A38: 43586 | B38: 13 | C38: =IFERROR((INDEX(referencia!$C6:$Z6,1,(MATCH(referencia!$A6,referencia!$C$1:$Z$1,0)+COLUMNS(referencia!$C:C)-1)))," ") -> 13 | D38: =IFERROR((INDEX(referencia!$C6:$Z6,1,(MATCH(referencia!$A6,referencia!$C$1:$Z$1,0)+COLUMNS(referencia!$C:D)-1)))," ") -> 13 | E38: =IFERROR((INDEX(referencia!$C6:$Z6,1,(MATCH(referencia!$A6,referencia!$C$1:$Z$1,0)+COLUMNS(referencia!$C:E)-1)))," ") -> 13 | F38: =IFERROR((INDEX(referencia!$C6:$Z6,1,(MATCH(referencia!$A6,referencia!$C$1:$Z$1,0)+COLUMNS(referencia!$C:F)-1)))," ") -> 12 | G38: =IFERROR((INDEX(referencia!$C6:$Z6,1,(MATCH(referencia!$A6,referencia!$C$1:$Z$1,0)+COLUMNS(referencia!$C:G)-1)))," ") -> 11 | H38: =IFERROR((INDEX(referencia!$C6:$Z6,1,(MATCH(referencia!$A6,referencia!$C$1:$Z$1,0)+COLUMNS(referencia!$C:H)-1)))," ") -> 10 | I38: =IFERROR((INDEX(referencia!$C6:$Z6,1,(MATCH(referencia!$A6,referencia!$C$1:$Z$1,0)+COLUMNS(referencia!$C:I)-1)))," ") -> 10 | J38: =IFERROR((INDEX(referencia!$C6:$Z6,1,(MATCH(referencia!$A6,referencia!$C$1:$Z$1,0)+COLUMNS(referencia!$C:J)-1)))," ") -> 10 | K38: =IFERROR((INDEX(referencia!$C6:$Z6,1,(MATCH(referencia!$A6,referencia!$C$1:$Z$1,0)+COLUMNS(referencia!$C:K)-1)))," ") -> 10 | L38: =IFERROR((INDEX(referencia!$C6:$Z6,1,(MATCH(referencia!$A6,referencia!$C$1:$Z$1,0)+COLUMNS(referencia!$C:L)-1)))," ") -> 9 | M38: =IFERROR((INDEX(referencia!$C6:$Z6,1,(MATCH(referencia!$A6,referencia!$C$1:$Z$1,0)+COLUMNS(referencia!$C:M)-1)))," ") -> 9 | N38: =IFERROR((INDEX(referencia!$C6:$Z6,1,(MATCH(referencia!$A6,referencia!$C$1:$Z$1,0)+COLUMNS(referencia!$C:N)-1)))," ") -> 9 | O38: =IFERROR((INDEX(referencia!$C6:$Z6,1,(MATCH(referencia!$A6,referencia!$C$1:$Z$1,0)+COLUMNS(referencia!$C:O)-1)))," ") -> 8 | P38: =IFERROR((INDEX(referencia!$C6:$Z6,1,(MATCH(referencia!$A6,referencia!$C$1:$Z$1,0)+COLUMNS(referencia!$C:P)-1)))," ") -> 8 | Q38: =IFERROR((INDEX(referencia!$C6:$Z6,1,(MATCH(referencia!$A6,referencia!$C$1:$Z$1,0)+COLUMNS(referencia!$C:Q)-1)))," ") -> 6 | R38: =IFERROR((INDEX(referencia!$C6:$Z6,1,(MATCH(referencia!$A6,referencia!$C$1:$Z$1,0)+COLUMNS(referencia!$C:R)-1)))," ") -> 6 | S38: =IFERROR((INDEX(referencia!$C6:$Z6,1,(MATCH(referencia!$A6,referencia!$C$1:$Z$1,0)+COLUMNS(referencia!$C:S)-1)))," ") -> 6 | T38: =IFERROR((INDEX(referencia!$C6:$Z6,1,(MATCH(referencia!$A6,referencia!$C$1:$Z$1,0)+COLUMNS(referencia!$C:T)-1)))," ") -> 6 | U38: =IFERROR((INDEX(referencia!$C6:$Z6,1,(MATCH(referencia!$A6,referencia!$C$1:$Z$1,0)+COLUMNS(referencia!$C:U)-1)))," ") -> 6 | V38: =IFERROR((INDEX(referencia!$C6:$Z6,1,(MATCH(referencia!$A6,referencia!$C$1:$Z$1,0)+COLUMNS(referencia!$C:V)-1)))," ") -> 6 | W38: =IFERROR((INDEX(referencia!$C6:$Z6,1,(MATCH(referencia!$A6,referencia!$C$1:$Z$1,0)+COLUMNS(referencia!$C:W)-1)))," ") | X38: =IFERROR((INDEX(referencia!$C6:$Z6,1,(MATCH(referencia!$A6,referencia!$C$1:$Z$1,0)+COLUMNS(referencia!$C:X)-1)))," ") | Y38: =IFERROR((INDEX(referencia!$C6:$Z6,1,(MATCH(referencia!$A6,referencia!$C$1:$Z$1,0)+COLUMNS(referencia!$C:Y)-1)))," ") | Z38: =IFERROR((INDEX(referencia!$C6:$Z6,1,(MATCH(referencia!$A6,referencia!$C$1:$Z$1,0)+COLUMNS(referencia!$C:Z)-1)))," ")
A39: 43617 | B39: 11 | C39: =IFERROR((INDEX(referencia!$C7:$Z7,1,(MATCH(referencia!$A7,referencia!$C$1:$Z$1,0)+COLUMNS(referencia!$C:C)-1)))," ") -> 11 | D39: =IFERROR((INDEX(referencia!$C7:$Z7,1,(MATCH(referencia!$A7,referencia!$C$1:$Z$1,0)+COLUMNS(referencia!$C:D)-1)))," ") -> 11 | E39: =IFERROR((INDEX(referencia!$C7:$Z7,1,(MATCH(referencia!$A7,referencia!$C$1:$Z$1,0)+COLUMNS(referencia!$C:E)-1)))," ") -> 11 | F39: =IFERROR((INDEX(referencia!$C7:$Z7,1,(MATCH(referencia!$A7,referencia!$C$1:$Z$1,0)+COLUMNS(referencia!$C:F)-1)))," ") -> 10 | G39: =IFERROR((INDEX(referencia!$C7:$Z7,1,(MATCH(referencia!$A7,referencia!$C$1:$Z$1,0)+COLUMNS(referencia!$C:G)-1)))," ") -> 10 | H39: =IFERROR((INDEX(referencia!$C7:$Z7,1,(MATCH(referencia!$A7,referencia!$C$1:$Z$1,0)+COLUMNS(referencia!$C:H)-1)))," ") -> 10 | I39: =IFERROR((INDEX(referencia!$C7:$Z7,1,(MATCH(referencia!$A7,referencia!$C$1:$Z$1,0)+COLUMNS(referencia!$C:I)-1)))," ") -> 9 | J39: =IFERROR((INDEX(referencia!$C7:$Z7,1,(MATCH(referencia!$A7,referencia!$C$1:$Z$1,0)+COLUMNS(referencia!$C:J)-1)))," ") -> 9 | K39: =IFERROR((INDEX(referencia!$C7:$Z7,1,(MATCH(referencia!$A7,referencia!$C$1:$Z$1,0)+COLUMNS(referencia!$C:K)-1)))," ") -> 8 | L39: =IFERROR((INDEX(referencia!$C7:$Z7,1,(MATCH(referencia!$A7,referencia!$C$1:$Z$1,0)+COLUMNS(referencia!$C:L)-1)))," ") -> 8 | M39: =IFERROR((INDEX(referencia!$C7:$Z7,1,(MATCH(referencia!$A7,referencia!$C$1:$Z$1,0)+COLUMNS(referencia!$C:M)-1)))," ") -> 8 | N39: =IFERROR((INDEX(referencia!$C7:$Z7,1,(MATCH(referencia!$A7,referencia!$C$1:$Z$1,0)+COLUMNS(referencia!$C:N)-1)))," ") -> 8 | O39: =IFERROR((INDEX(referencia!$C7:$Z7,1,(MATCH(referencia!$A7,referencia!$C$1:$Z$1,0)+COLUMNS(referencia!$C:O)-1)))," ") -> 8 | P39: =IFERROR((INDEX(referencia!$C7:$Z7,1,(MATCH(referencia!$A7,referencia!$C$1:$Z$1,0)+COLUMNS(referencia!$C:P)-1)))," ") -> 8 | Q39: =IFERROR((INDEX(referencia!$C7:$Z7,1,(MATCH(referencia!$A7,referencia!$C$1:$Z$1,0)+COLUMNS(referencia!$C:Q)-1)))," ") -> 8 | R39: =IFERROR((INDEX(referencia!$C7:$Z7,1,(MATCH(referencia!$A7,referencia!$C$1:$Z$1,0)+COLUMNS(referencia!$C:R)-1)))," ") -> 7 | S39: =IFERROR((INDEX(referencia!$C7:$Z7,1,(MATCH(referencia!$A7,referencia!$C$1:$Z$1,0)+COLUMNS(referencia!$C:S)-1)))," ") -> 7 | T39: =IFERROR((INDEX(referencia!$C7:$Z7,1,(MATCH(referencia!$A7,referencia!$C$1:$Z$1,0)+COLUMNS(referencia!$C:T)-1)))," ") -> 7 | U39: =IFERROR((INDEX(referencia!$C7:$Z7,1,(MATCH(referencia!$A7,referencia!$C$1:$Z$1,0)+COLUMNS(referencia!$C:U)-1)))," ") -> 6 | V39: =IFERROR((INDEX(referencia!$C7:$Z7,1,(MATCH(referencia!$A7,referencia!$C$1:$Z$1,0)+COLUMNS(referencia!$C:V)-1)))," ") | W39: =IFERROR((INDEX(referencia!$C7:$Z7,1,(MATCH(referencia!$A7,referencia!$C$1:$Z$1,0)+COLUMNS(referencia!$C:W)-1)))," ") | X39: =IFERROR((INDEX(referencia!$C7:$Z7,1,(MATCH(referencia!$A7,referencia!$C$1:$Z$1,0)+COLUMNS(referencia!$C:X)-1)))," ") | Y39: =IFERROR((INDEX(referencia!$C7:$Z7,1,(MATCH(referencia!$A7,referencia!$C$1:$Z$1,0)+COLUMNS(referencia!$C:Y)-1)))," ") | Z39: =IFERROR((INDEX(referencia!$C7:$Z7,1,(MATCH(referencia!$A7,referencia!$C$1:$Z$1,0)+COLUMNS(referencia!$C:Z)-1)))," ")
A40: 43647 | B40: 11 | C40: =IFERROR((INDEX(referencia!$C8:$Z8,1,(MATCH(referencia!$A8,referencia!$C$1:$Z$1,0)+COLUMNS(referencia!$C:C)-1)))," ") -> 11 | D40: =IFERROR((INDEX(referencia!$C8:$Z8,1,(MATCH(referencia!$A8,referencia!$C$1:$Z$1,0)+COLUMNS(referencia!$C:D)-1)))," ") -> 11 | E40: =IFERROR((INDEX(referencia!$C8:$Z8,1,(MATCH(referencia!$A8,referencia!$C$1:$Z$1,0)+COLUMNS(referencia!$C:E)-1)))," ") -> 11 | F40: =IFERROR((INDEX(referencia!$C8:$Z8,1,(MATCH(referencia!$A8,referencia!$C$1:$Z$1,0)+COLUMNS(referencia!$C:F)-1)))," ") -> 11 | G40: =IFERROR((INDEX(referencia!$C8:$Z8,1,(MATCH(referencia!$A8,referencia!$C$1:$Z$1,0)+COLUMNS(referencia!$C:G)-1)))," ") -> 11 | H40: =IFERROR((INDEX(referencia!$C8:$Z8,1,(MATCH(referencia!$A8,referencia!$C$1:$Z$1,0)+COLUMNS(referencia!$C:H)-1)))," ") -> 11 | I40: =IFERROR((INDEX(referencia!$C8:$Z8,1,(MATCH(referencia!$A8,referencia!$C$1:$Z$1,0)+COLUMNS(referencia!$C:I)-1)))," ") -> 10 | J40: =IFERROR((INDEX(referencia!$C8:$Z8,1,(MATCH(referencia!$A8,referencia!$C$1:$Z$1,0)+COLUMNS(referencia!$C:J)-1)))," ") -> 8 | K40: =IFERROR((INDEX(referencia!$C8:$Z8,1,(MATCH(referencia!$A8,referencia!$C$1:$Z$1,0)+COLUMNS(referencia!$C:K)-1)))," ") -> 8 | L40: =IFERROR((INDEX(referencia!$C8:$Z8,1,(MATCH(referencia!$A8,referencia!$C$1:$Z$1,0)+COLUMNS(referencia!$C:L)-1)))," ") -> 8 | M40: =IFERROR((INDEX(referencia!$C8:$Z8,1,(MATCH(referencia!$A8,referencia!$C$1:$Z$1,0)+COLUMNS(referencia!$C:M)-1)))," ") -> 7 | N40: =IFERROR((INDEX(referencia!$C8:$Z8,1,(MATCH(referencia!$A8,referencia!$C$1:$Z$1,0)+COLUMNS(referencia!$C:N)-1)))," ") -> 7 | O40: =IFERROR((INDEX(referencia!$C8:$Z8,1,(MATCH(referencia!$A8,referencia!$C$1:$Z$1,0)+COLUMNS(referencia!$C:O)-1)))," ") -> 7 | P40: =IFERROR((INDEX(referencia!$C8:$Z8,1,(MATCH(referencia!$A8,referencia!$C$1:$Z$1,0)+COLUMNS(referencia!$C:P)-1)))," ") -> 6 | Q40: =IFERROR((INDEX(referencia!$C8:$Z8,1,(MATCH(referencia!$A8,referencia!$C$1:$Z$1,0)+COLUMNS(referencia!$C:Q)-1)))," ") -> 6 | R40: =IFERROR((INDEX(referencia!$C8:$Z8,1,(MATCH(referencia!$A8,referencia!$C$1:$Z$1,0)+COLUMNS(referencia!$C:R)-1)))," ") -> 6 | S40: =IFERROR((INDEX(referencia!$C8:$Z8,1,(MATCH(referencia!$A8,referencia!$C$1:$Z$1,0)+COLUMNS(referencia!$C:S)-1)))," ") -> 5 | T40: =IFERROR((INDEX(referencia!$C8:$Z8,1,(MATCH(referencia!$A8,referencia!$C$1:$Z$1,0)+COLUMNS(referencia!$C:T)-1)))," ") -> 5 | U40: =IFERROR((INDEX(referencia!$C8:$Z8,1,(MATCH(referencia!$A8,referencia!$C$1:$Z$1,0)+COLUMNS(referencia!$C:U)-1)))," ") | V40: =IFERROR((INDEX(referencia!$C8:$Z8,1,(MATCH(referencia!$A8,referencia!$C$1:$Z$1,0)+COLUMNS(referencia!$C:V)-1)))," ") | W40: =IFERROR((INDEX(referencia!$C8:$Z8,1,(MATCH(referencia!$A8,referencia!$C$1:$Z$1,0)+COLUMNS(referencia!$C:W)-1)))," ") | X40: =IFERROR((INDEX(referencia!$C8:$Z8,1,(MATCH(referencia!$A8,referencia!$C$1:$Z$1,0)+COLUMNS(referencia!$C:X)-1)))," ") | Y40: =IFERROR((INDEX(referencia!$C8:$Z8,1,(MATCH(referencia!$A8,referencia!$C$1:$Z$1,0)+COLUMNS(referencia!$C:Y)-1)))," ") | Z40: =IFERROR((INDEX(referencia!$C8:$Z8,1,(MATCH(referencia!$A8,referencia!$C$1:$Z$1,0)+COLUMNS(referencia!$C:Z)-1)))," ")
A41: 43678 | B41: 4 | C41: =IFERROR((INDEX(referencia!$C9:$Z9,1,(MATCH(referencia!$A9,referencia!$C$1:$Z$1,0)+COLUMNS(referencia!$C:C)-1)))," ") -> 4 | D41: =IFERROR((INDEX(referencia!$C9:$Z9,1,(MATCH(referencia!$A9,referencia!$C$1:$Z$1,0)+COLUMNS(referencia!$C:D)-1)))," ") -> 3 | E41: =IFERROR((INDEX(referencia!$C9:$Z9,1,(MATCH(referencia!$A9,referencia!$C$1:$Z$1,0)+COLUMNS(referencia!$C:E)-1)))," ") -> 3 | F41: =IFERROR((INDEX(referencia!$C9:$Z9,1,(MATCH(referencia!$A9,referencia!$C$1:$Z$1,0)+COLUMNS(referencia!$C:F)-1)))," ") -> 3 | G41: =IFERROR((INDEX(referencia!$C9:$Z9,1,(MATCH(referencia!$A9,referencia!$C$1:$Z$1,0)+COLUMNS(referencia!$C:G)-1)))," ") -> 3 | H41: =IFERROR((INDEX(referencia!$C9:$Z9,1,(MATCH(referencia!$A9,referencia!$C$1:$Z$1,0)+COLUMNS(referencia!$C:H)-1)))," ") -> 3 | I41: =IFERROR((INDEX(referencia!$C9:$Z9,1,(MATCH(referencia!$A9,referencia!$C$1:$Z$1,0)+COLUMNS(referencia!$C:I)-1)))," ") -> 3 | J41: =IFERROR((INDEX(referencia!$C9:$Z9,1,(MATCH(referencia!$A9,referencia!$C$1:$Z$1,0)+COLUMNS(referencia!$C:J)-1)))," ") -> 3 | K41: =IFERROR((INDEX(referencia!$C9:$Z9,1,(MATCH(referencia!$A9,referencia!$C$1:$Z$1,0)+COLUMNS(referencia!$C:K)-1)))," ") -> 3 | L41: =IFERROR((INDEX(referencia!$C9:$Z9,1,(MATCH(referencia!$A9,referencia!$C$1:$Z$1,0)+COLUMNS(referencia!$C:L)-1)))," ") -> 3 | M41: =IFERROR((INDEX(referencia!$C9:$Z9,1,(MATCH(referencia!$A9,referencia!$C$1:$Z$1,0)+COLUMNS(referencia!$C:M)-1)))," ") -> 3 | N41: =IFERROR((INDEX(referencia!$C9:$Z9,1,(MATCH(referencia!$A9,referencia!$C$1:$Z$1,0)+COLUMNS(referencia!$C:N)-1)))," ") -> 3 | O41: =IFERROR((INDEX(referencia!$C9:$Z9,1,(MATCH(referencia!$A9,referencia!$C$1:$Z$1,0)+COLUMNS(referencia!$C:O)-1)))," ") -> 3 | P41: =IFERROR((INDEX(referencia!$C9:$Z9,1,(MATCH(referencia!$A9,referencia!$C$1:$Z$1,0)+COLUMNS(referencia!$C:P)-1)))," ") -> 3 | Q41: =IFERROR((INDEX(referencia!$C9:$Z9,1,(MATCH(referencia!$A9,referencia!$C$1:$Z$1,0)+COLUMNS(referencia!$C:Q)-1)))," ") -> 3 | R41: =IFERROR((INDEX(referencia!$C9:$Z9,1,(MATCH(referencia!$A9,referencia!$C$1:$Z$1,0)+COLUMNS(referencia!$C:R)-1)))," ") -> 3 | S41: =IFERROR((INDEX(referencia!$C9:$Z9,1,(MATCH(referencia!$A9,referencia!$C$1:$Z$1,0)+COLUMNS(referencia!$C:S)-1)))," ") -> 3 | T41: =IFERROR((INDEX(referencia!$C9:$Z9,1,(MATCH(referencia!$A9,referencia!$C$1:$Z$1,0)+COLUMNS(referencia!$C:T)-1)))," ") | U41: =IFERROR((INDEX(referencia!$C9:$Z9,1,(MATCH(referencia!$A9,referencia!$C$1:$Z$1,0)+COLUMNS(referencia!$C:U)-1)))," ") | V41: =IFERROR((INDEX(referencia!$C9:$Z9,1,(MATCH(referencia!$A9,referencia!$C$1:$Z$1,0)+COLUMNS(referencia!$C:V)-1)))," ") | W41: =IFERROR((INDEX(referencia!$C9:$Z9,1,(MATCH(referencia!$A9,referencia!$C$1:$Z$1,0)+COLUMNS(referencia!$C:W)-1)))," ") | X41: =IFERROR((INDEX(referencia!$C9:$Z9,1,(MATCH(referencia!$A9,referencia!$C$1:$Z$1,0)+COLUMNS(referencia!$C:X)-1)))," ") | Y41: =IFERROR((INDEX(referencia!$C9:$Z9,1,(MATCH(referencia!$A9,referencia!$C$1:$Z$1,0)+COLUMNS(referencia!$C:Y)-1)))," ") | Z41: =IFERROR((INDEX(referencia!$C9:$Z9,1,(MATCH(referencia!$A9,referencia!$C$1:$Z$1,0)+COLUMNS(referencia!$C:Z)-1)))," ")
A42: 43709 | B42: 8 | C42: =IFERROR((INDEX(referencia!$C10:$Z10,1,(MATCH(referencia!$A10,referencia!$C$1:$Z$1,0)+COLUMNS(referencia!$C:C)-1)))," ") -> 8 | D42: =IFERROR((INDEX(referencia!$C10:$Z10,1,(MATCH(referencia!$A10,referencia!$C$1:$Z$1,0)+COLUMNS(referencia!$C:D)-1)))," ") -> 8 | E42: =IFERROR((INDEX(referencia!$C10:$Z10,1,(MATCH(referencia!$A10,referencia!$C$1:$Z$1,0)+COLUMNS(referencia!$C:E)-1)))," ") -> 7 | F42: =IFERROR((INDEX(referencia!$C10:$Z10,1,(MATCH(referencia!$A10,referencia!$C$1:$Z$1,0)+COLUMNS(referencia!$C:F)-1)))," ") -> 7 | G42: =IFERROR((INDEX(referencia!$C10:$Z10,1,(MATCH(referencia!$A10,referencia!$C$1:$Z$1,0)+COLUMNS(referencia!$C:G)-1)))," ") -> 6 | H42: =IFERROR((INDEX(referencia!$C10:$Z10,1,(MATCH(referencia!$A10,referencia!$C$1:$Z$1,0)+COLUMNS(referencia!$C:H)-1)))," ") -> 6 | I42: =IFERROR((INDEX(referencia!$C10:$Z10,1,(MATCH(referencia!$A10,referencia!$C$1:$Z$1,0)+COLUMNS(referencia!$C:I)-1)))," ") -> 6 | J42: =IFERROR((INDEX(referencia!$C10:$Z10,1,(MATCH(referencia!$A10,referencia!$C$1:$Z$1,0)+COLUMNS(referencia!$C:J)-1)))," ") -> 6 | K42: =IFERROR((INDEX(referencia!$C10:$Z10,1,(MATCH(referencia!$A10,referencia!$C$1:$Z$1,0)+COLUMNS(referencia!$C:K)-1)))," ") -> 6 | L42: =IFERROR((INDEX(referencia!$C10:$Z10,1,(MATCH(referencia!$A10,referencia!$C$1:$Z$1,0)+COLUMNS(referencia!$C:L)-1)))," ") -> 6 | M42: =IFERROR((INDEX(referencia!$C10:$Z10,1,(MATCH(referencia!$A10,referencia!$C$1:$Z$1,0)+COLUMNS(referencia!$C:M)-1)))," ") -> 6 | N42: =IFERROR((INDEX(referencia!$C10:$Z10,1,(MATCH(referencia!$A10,referencia!$C$1:$Z$1,0)+COLUMNS(referencia!$C:N)-1)))," ") -> 6 | O42: =IFERROR((INDEX(referencia!$C10:$Z10,1,(MATCH(referencia!$A10,referencia!$C$1:$Z$1,0)+COLUMNS(referencia!$C:O)-1)))," ") -> 4 | P42: =IFERROR((INDEX(referencia!$C10:$Z10,1,(MATCH(referencia!$A10,referencia!$C$1:$Z$1,0)+COLUMNS(referencia!$C:P)-1)))," ") -> 4 | Q42: =IFERROR((INDEX(referencia!$C10:$Z10,1,(MATCH(referencia!$A10,referencia!$C$1:$Z$1,0)+COLUMNS(referencia!$C:Q)-1)))," ") -> 4 | R42: =IFERROR((INDEX(referencia!$C10:$Z10,1,(MATCH(referencia!$A10,referencia!$C$1:$Z$1,0)+COLUMNS(referencia!$C:R)-1)))," ") -> 4 | S42: =IFERROR((INDEX(referencia!$C10:$Z10,1,(MATCH(referencia!$A10,referencia!$C$1:$Z$1,0)+COLUMNS(referencia!$C:S)-1)))," ") | T42: =IFERROR((INDEX(referencia!$C10:$Z10,1,(MATCH(referencia!$A10,referencia!$C$1:$Z$1,0)+COLUMNS(referencia!$C:T)-1)))," ") | U42: =IFERROR((INDEX(referencia!$C10:$Z10,1,(MATCH(referencia!$A10,referencia!$C$1:$Z$1,0)+COLUMNS(referencia!$C:U)-1)))," ") | V42: =IFERROR((INDEX(referencia!$C10:$Z10,1,(MATCH(referencia!$A10,referencia!$C$1:$Z$1,0)+COLUMNS(referencia!$C:V)-1)))," ") | W42: =IFERROR((INDEX(referencia!$C10:$Z10,1,(MATCH(referencia!$A10,referencia!$C$1:$Z$1,0)+COLUMNS(referencia!$C:W)-1)))," ") | X42: =IFERROR((INDEX(referencia!$C10:$Z10,1,(MATCH(referencia!$A10,referencia!$C$1:$Z$1,0)+COLUMNS(referencia!$C:X)-1)))," ") | Y42: =IFERROR((INDEX(referencia!$C10:$Z10,1,(MATCH(referencia!$A10,referencia!$C$1:$Z$1,0)+COLUMNS(referencia!$C:Y)-1)))," ") | Z42: =IFERROR((INDEX(referencia!$C10:$Z10,1,(MATCH(referencia!$A10,referencia!$C$1:$Z$1,0)+COLUMNS(referencia!$C:Z)-1)))," ")
A43: 43739 | B43: 15 | C43: =IFERROR((INDEX(referencia!$C11:$Z11,1,(MATCH(referencia!$A11,referencia!$C$1:$Z$1,0)+COLUMNS(referencia!$C:C)-1)))," ") -> 15 | D43: =IFERROR((INDEX(referencia!$C11:$Z11,1,(MATCH(referencia!$A11,referencia!$C$1:$Z$1,0)+COLUMNS(referencia!$C:D)-1)))," ") -> 15 | E43: =IFERROR((INDEX(referencia!$C11:$Z11,1,(MATCH(referencia!$A11,referencia!$C$1:$Z$1,0)+COLUMNS(referencia!$C:E)-1)))," ") -> 15 | F43: =IFERROR((INDEX(referencia!$C11:$Z11,1,(MATCH(referencia!$A11,referencia!$C$1:$Z$1,0)+COLUMNS(referencia!$C:F)-1)))," ") -> 15 | G43: =IFERROR((INDEX(referencia!$C11:$Z11,1,(MATCH(referencia!$A11,referencia!$C$1:$Z$1,0)+COLUMNS(referencia!$C:G)-1)))," ") -> 15 | H43: =IFERROR((INDEX(referencia!$C11:$Z11,1,(MATCH(referencia!$A11,referencia!$C$1:$Z$1,0)+COLUMNS(referencia!$C:H)-1)))," ") -> 14 | I43: =IFERROR((INDEX(referencia!$C11:$Z11,1,(MATCH(referencia!$A11,referencia!$C$1:$Z$1,0)+COLUMNS(referencia!$C:I)-1)))," ") -> 14 | J43: =IFERROR((INDEX(referencia!$C11:$Z11,1,(MATCH(referencia!$A11,referencia!$C$1:$Z$1,0)+COLUMNS(referencia!$C:J)-1)))," ") -> 14 | K43: =IFERROR((INDEX(referencia!$C11:$Z11,1,(MATCH(referencia!$A11,referencia!$C$1:$Z$1,0)+COLUMNS(referencia!$C:K)-1)))," ") -> 14 | L43: =IFERROR((INDEX(referencia!$C11:$Z11,1,(MATCH(referencia!$A11,referencia!$C$1:$Z$1,0)+COLUMNS(referencia!$C:L)-1)))," ") -> 13 | M43: =IFERROR((INDEX(referencia!$C11:$Z11,1,(MATCH(referencia!$A11,referencia!$C$1:$Z$1,0)+COLUMNS(referencia!$C:M)-1)))," ") -> 13 | N43: =IFERROR((INDEX(referencia!$C11:$Z11,1,(MATCH(referencia!$A11,referencia!$C$1:$Z$1,0)+COLUMNS(referencia!$C:N)-1)))," ") -> 13 | O43: =IFERROR((INDEX(referencia!$C11:$Z11,1,(MATCH(referencia!$A11,referencia!$C$1:$Z$1,0)+COLUMNS(referencia!$C:O)-1)))," ") -> 12 | P43: =IFERROR((INDEX(referencia!$C11:$Z11,1,(MATCH(referencia!$A11,referencia!$C$1:$Z$1,0)+COLUMNS(referencia!$C:P)-1)))," ") -> 11 | Q43: =IFERROR((INDEX(referencia!$C11:$Z11,1,(MATCH(referencia!$A11,referencia!$C$1:$Z$1,0)+COLUMNS(referencia!$C:Q)-1)))," ") -> 11 | R43: =IFERROR((INDEX(referencia!$C11:$Z11,1,(MATCH(referencia!$A11,referencia!$C$1:$Z$1,0)+COLUMNS(referencia!$C:R)-1)))," ") | S43: =IFERROR((INDEX(referencia!$C11:$Z11,1,(MATCH(referencia!$A11,referencia!$C$1:$Z$1,0)+COLUMNS(referencia!$C:S)-1)))," ") | T43: =IFERROR((INDEX(referencia!$C11:$Z11,1,(MATCH(referencia!$A11,referencia!$C$1:$Z$1,0)+COLUMNS(referencia!$C:T)-1)))," ") | U43: =IFERROR((INDEX(referencia!$C11:$Z11,1,(MATCH(referencia!$A11,referencia!$C$1:$Z$1,0)+COLUMNS(referencia!$C:U)-1)))," ") | V43: =IFERROR((INDEX(referencia!$C11:$Z11,1,(MATCH(referencia!$A11,referencia!$C$1:$Z$1,0)+COLUMNS(referencia!$C:V)-1)))," ") | W43: =IFERROR((INDEX(referencia!$C11:$Z11,1,(MATCH(referencia!$A11,referencia!$C$1:$Z$1,0)+COLUMNS(referencia!$C:W)-1)))," ") | X43: =IFERROR((INDEX(referencia!$C11:$Z11,1,(MATCH(referencia!$A11,referencia!$C$1:$Z$1,0)+COLUMNS(referencia!$C:X)-1)))," ") | Y43: =IFERROR((INDEX(referencia!$C11:$Z11,1,(MATCH(referencia!$A11,referencia!$C$1:$Z$1,0)+COLUMNS(referencia!$C:Y)-1)))," ") | Z43: =IFERROR((INDEX(referencia!$C11:$Z11,1,(MATCH(referencia!$A11,referencia!$C$1:$Z$1,0)+COLUMNS(referencia!$C:Z)-1)))," ")
A44: 43770 | B44: 13 | C44: =IFERROR((INDEX(referencia!$C12:$Z12,1,(MATCH(referencia!$A12,referencia!$C$1:$Z$1,0)+COLUMNS(referencia!$C:C)-1)))," ") -> 13 | D44: =IFERROR((INDEX(referencia!$C12:$Z12,1,(MATCH(referencia!$A12,referencia!$C$1:$Z$1,0)+COLUMNS(referencia!$C:D)-1)))," ") -> 13 | E44: =IFERROR((INDEX(referencia!$C12:$Z12,1,(MATCH(referencia!$A12,referencia!$C$1:$Z$1,0)+COLUMNS(referencia!$C:E)-1)))," ") -> 13 | F44: =IFERROR((INDEX(referencia!$C12:$Z12,1,(MATCH(referencia!$A12,referencia!$C$1:$Z$1,0)+COLUMNS(referencia!$C:F)-1)))," ") -> 13 | G44: =IFERROR((INDEX(referencia!$C12:$Z12,1,(MATCH(referencia!$A12,referencia!$C$1:$Z$1,0)+COLUMNS(referencia!$C:G)-1)))," ") -> 13 | H44: =IFERROR((INDEX(referencia!$C12:$Z12,1,(MATCH(referencia!$A12,referencia!$C$1:$Z$1,0)+COLUMNS(referencia!$C:H)-1)))," ") -> 12 | I44: =IFERROR((INDEX(referencia!$C12:$Z12,1,(MATCH(referencia!$A12,referencia!$C$1:$Z$1,0)+COLUMNS(referencia!$C:I)-1)))," ") -> 10 | J44: =IFERROR((INDEX(referencia!$C12:$Z12,1,(MATCH(referencia!$A12,referencia!$C$1:$Z$1,0)+COLUMNS(referencia!$C:J)-1)))," ") -> 10 | K44: =IFERROR((INDEX(referencia!$C12:$Z12,1,(MATCH(referencia!$A12,referencia!$C$1:$Z$1,0)+COLUMNS(referencia!$C:K)-1)))," ") -> 10 | L44: =IFERROR((INDEX(referencia!$C12:$Z12,1,(MATCH(referencia!$A12,referencia!$C$1:$Z$1,0)+COLUMNS(referencia!$C:L)-1)))," ") -> 10 | M44: =IFERROR((INDEX(referencia!$C12:$Z12,1,(MATCH(referencia!$A12,referencia!$C$1:$Z$1,0)+COLUMNS(referencia!$C:M)-1)))," ") -> 10 | N44: =IFERROR((INDEX(referencia!$C12:$Z12,1,(MATCH(referencia!$A12,referencia!$C$1:$Z$1,0)+COLUMNS(referencia!$C:N)-1)))," ") -> 10 | O44: =IFERROR((INDEX(referencia!$C12:$Z12,1,(MATCH(referencia!$A12,referencia!$C$1:$Z$1,0)+COLUMNS(referencia!$C:O)-1)))," ") -> 10 | P44: =IFERROR((INDEX(referencia!$C12:$Z12,1,(MATCH(referencia!$A12,referencia!$C$1:$Z$1,0)+COLUMNS(referencia!$C:P)-1)))," ") -> 9 | Q44: =IFERROR((INDEX(referencia!$C12:$Z12,1,(MATCH(referencia!$A12,referencia!$C$1:$Z$1,0)+COLUMNS(referencia!$C:Q)-1)))," ") | R44: =IFERROR((INDEX(referencia!$C12:$Z12,1,(MATCH(referencia!$A12,referencia!$C$1:$Z$1,0)+COLUMNS(referencia!$C:R)-1)))," ") | S44: =IFERROR((INDEX(referencia!$C12:$Z12,1,(MATCH(referencia!$A12,referencia!$C$1:$Z$1,0)+COLUMNS(referencia!$C:S)-1)))," ") | T44: =IFERROR((INDEX(referencia!$C12:$Z12,1,(MATCH(referencia!$A12,referencia!$C$1:$Z$1,0)+COLUMNS(referencia!$C:T)-1)))," ") | U44: =IFERROR((INDEX(referencia!$C12:$Z12,1,(MATCH(referencia!$A12,referencia!$C$1:$Z$1,0)+COLUMNS(referencia!$C:U)-1)))," ") | V44: =IFERROR((INDEX(referencia!$C12:$Z12,1,(MATCH(referencia!$A12,referencia!$C$1:$Z$1,0)+COLUMNS(referencia!$C:V)-1)))," ") | W44: =IFERROR((INDEX(referencia!$C12:$Z12,1,(MATCH(referencia!$A12,referencia!$C$1:$Z$1,0)+COLUMNS(referencia!$C:W)-1)))," ") | X44: =IFERROR((INDEX(referencia!$C12:$Z12,1,(MATCH(referencia!$A12,referencia!$C$1:$Z$1,0)+COLUMNS(referencia!$C:X)-1)))," ") | Y44: =IFERROR((INDEX(referencia!$C12:$Z12,1,(MATCH(referencia!$A12,referencia!$C$1:$Z$1,0)+COLUMNS(referencia!$C:Y)-1)))," ") | Z44: =IFERROR((INDEX(referencia!$C12:$Z12,1,(MATCH(referencia!$A12,referencia!$C$1:$Z$1,0)+COLUMNS(referencia!$C:Z)-1)))," ")
A45: 43800 | B45: 6 | C45: =IFERROR((INDEX(referencia!$C13:$Z13,1,(MATCH(referencia!$A13,referencia!$C$1:$Z$1,0)+COLUMNS(referencia!$C:C)-1)))," ") -> 6 | D45: =IFERROR((INDEX(referencia!$C13:$Z13,1,(MATCH(referencia!$A13,referencia!$C$1:$Z$1,0)+COLUMNS(referencia!$C:D)-1)))," ") -> 6 | E45: =IFERROR((INDEX(referencia!$C13:$Z13,1,(MATCH(referencia!$A13,referencia!$C$1:$Z$1,0)+COLUMNS(referencia!$C:E)-1)))," ") -> 6 | F45: =IFERROR((INDEX(referencia!$C13:$Z13,1,(MATCH(referencia!$A13,referencia!$C$1:$Z$1,0)+COLUMNS(referencia!$C:F)-1)))," ") -> 6 | G45: =IFERROR((INDEX(referencia!$C13:$Z13,1,(MATCH(referencia!$A13,referencia!$C$1:$Z$1,0)+COLUMNS(referencia!$C:G)-1)))," ") -> 6 | H45: =IFERROR((INDEX(referencia!$C13:$Z13,1,(MATCH(referencia!$A13,referencia!$C$1:$Z$1,0)+COLUMNS(referencia!$C:H)-1)))," ") -> 6 | I45: =IFERROR((INDEX(referencia!$C13:$Z13,1,(MATCH(referencia!$A13,referencia!$C$1:$Z$1,0)+COLUMNS(referencia!$C:I)-1)))," ") -> 6 | J45: =IFERROR((INDEX(referencia!$C13:$Z13,1,(MATCH(referencia!$A13,referencia!$C$1:$Z$1,0)+COLUMNS(referencia!$C:J)-1)))," ") -> 6 | K45: =IFERROR((INDEX(referencia!$C13:$Z13,1,(MATCH(referencia!$A13,referencia!$C$1:$Z$1,0)+COLUMNS(referencia!$C:K)-1)))," ") -> 6 | L45: =IFERROR((INDEX(referencia!$C13:$Z13,1,(MATCH(referencia!$A13,referencia!$C$1:$Z$1,0)+COLUMNS(referencia!$C:L)-1)))," ") -> 6 | M45: =IFERROR((INDEX(referencia!$C13:$Z13,1,(MATCH(referencia!$A13,referencia!$C$1:$Z$1,0)+COLUMNS(referencia!$C:M)-1)))," ") -> 6 | N45: =IFERROR((INDEX(referencia!$C13:$Z13,1,(MATCH(referencia!$A13,referencia!$C$1:$Z$1,0)+COLUMNS(referencia!$C:N)-1)))," ") -> 6 | O45: =IFERROR((INDEX(referencia!$C13:$Z13,1,(MATCH(referencia!$A13,referencia!$C$1:$Z$1,0)+COLUMNS(referencia!$C:O)-1)))," ") -> 6 | P45: =IFERROR((INDEX(referencia!$C13:$Z13,1,(MATCH(referencia!$A13,referencia!$C$1:$Z$1,0)+COLUMNS(referencia!$C:P)-1)))," ") | Q45: =IFERROR((INDEX(referencia!$C13:$Z13,1,(MATCH(referencia!$A13,referencia!$C$1:$Z$1,0)+COLUMNS(referencia!$C:Q)-1)))," ") | R45: =IFERROR((INDEX(referencia!$C13:$Z13,1,(MATCH(referencia!$A13,referencia!$C$1:$Z$1,0)+COLUMNS(referencia!$C:R)-1)))," ") | S45: =IFERROR((INDEX(referencia!$C13:$Z13,1,(MATCH(referencia!$A13,referencia!$C$1:$Z$1,0)+COLUMNS(referencia!$C:S)-1)))," ") | T45: =IFERROR((INDEX(referencia!$C13:$Z13,1,(MATCH(referencia!$A13,referencia!$C$1:$Z$1,0)+COLUMNS(referencia!$C:T)-1)))," ") | U45: =IFERROR((INDEX(referencia!$C13:$Z13,1,(MATCH(referencia!$A13,referencia!$C$1:$Z$1,0)+COLUMNS(referencia!$C:U)-1)))," ") | V45: =IFERROR((INDEX(referencia!$C13:$Z13,1,(MATCH(referencia!$A13,referencia!$C$1:$Z$1,0)+COLUMNS(referencia!$C:V)-1)))," ") | W45: =IFERROR((INDEX(referencia!$C13:$Z13,1,(MATCH(referencia!$A13,referencia!$C$1:$Z$1,0)+COLUMNS(referencia!$C:W)-1)))," ") | X45: =IFERROR((INDEX(referencia!$C13:$Z13,1,(MATCH(referencia!$A13,referencia!$C$1:$Z$1,0)+COLUMNS(referencia!$C:X)-1)))," ") | Y45: =IFERROR((INDEX(referencia!$C13:$Z13,1,(MATCH(referencia!$A13,referencia!$C$1:$Z$1,0)+COLUMNS(referencia!$C:Y)-1)))," ") | Z45: =IFERROR((INDEX(referencia!$C13:$Z13,1,(MATCH(referencia!$A13,referencia!$C$1:$Z$1,0)+COLUMNS(referencia!$C:Z)-1)))," ")
... A57: 44166 | B57: 16 | C57: =IFERROR((INDEX(referencia!$C25:$Z25,1,(MATCH(referencia!$A25,referencia!$C$1:$Z$1,0)+COLUMNS(referencia!$C:C)-1)))," ") -> 16 | D57: =IFERROR((INDEX(referencia!$C25:$Z25,1,(MATCH(referencia!$A25,referencia!$C$1:$Z$1,0)+COLUMNS(referencia!$C:D)-1)))," ") | E57: =IFERROR((INDEX(referencia!$C25:$Z25,1,(MATCH(referencia!$A25,referencia!$C$1:$Z$1,0)+COLUMNS(referencia!$C:E)-1)))," ") | F57: =IFERROR((INDEX(referencia!$C25:$Z25,1,(MATCH(referencia!$A25,referencia!$C$1:$Z$1,0)+COLUMNS(referencia!$C:F)-1)))," ") | G57: =IFERROR((INDEX(referencia!$C25:$Z25,1,(MATCH(referencia!$A25,referencia!$C$1:$Z$1,0)+COLUMNS(referencia!$C:G)-1)))," ") | H57: =IFERROR((INDEX(referencia!$C25:$Z25,1,(MATCH(referencia!$A25,referencia!$C$1:$Z$1,0)+COLUMNS(referencia!$C:H)-1)))," ") | I57: =IFERROR((INDEX(referencia!$C25:$Z25,1,(MATCH(referencia!$A25,referencia!$C$1:$Z$1,0)+COLUMNS(referencia!$C:I)-1)))," ") | J57: =IFERROR((INDEX(referencia!$C25:$Z25,1,(MATCH(referencia!$A25,referencia!$C$1:$Z$1,0)+COLUMNS(referencia!$C:J)-1)))," ") | K57: =IFERROR((INDEX(referencia!$C25:$Z25,1,(MATCH(referencia!$A25,referencia!$C$1:$Z$1,0)+COLUMNS(referencia!$C:K)-1)))," ") | L57: =IFERROR((INDEX(referencia!$C25:$Z25,1,(MATCH(referencia!$A25,referencia!$C$1:$Z$1,0)+COLUMNS(referencia!$C:L)-1)))," ") | M57: =IFERROR((INDEX(referencia!$C25:$Z25,1,(MATCH(referencia!$A25,referencia!$C$1:$Z$1,0)+COLUMNS(referencia!$C:M)-1)))," ") | N57: =IFERROR((INDEX(referencia!$C25:$Z25,1,(MATCH(referencia!$A25,referencia!$C$1:$Z$1,0)+COLUMNS(referencia!$C:N)-1)))," ") | O57: =IFERROR((INDEX(referencia!$C25:$Z25,1,(MATCH(referencia!$A25,referencia!$C$1:$Z$1,0)+COLUMNS(referencia!$C:O)-1)))," ") | P57: =IFERROR((INDEX(referencia!$C25:$Z25,1,(MATCH(referencia!$A25,referencia!$C$1:$Z$1,0)+COLUMNS(referencia!$C:P)-1)))," ") | Q57: =IFERROR((INDEX(referencia!$C25:$Z25,1,(MATCH(referencia!$A25,referencia!$C$1:$Z$1,0)+COLUMNS(referencia!$C:Q)-1)))," ") | R57: =IFERROR((INDEX(referencia!$C25:$Z25,1,(MATCH(referencia!$A25,referencia!$C$1:$Z$1,0)+COLUMNS(referencia!$C:R)-1)))," ") | S57: =IFERROR((INDEX(referencia!$C25:$Z25,1,(MATCH(referencia!$A25,referencia!$C$1:$Z$1,0)+COLUMNS(referencia!$C:S)-1)))," ") | T57: =IFERROR((INDEX(referencia!$C25:$Z25,1,(MATCH(referencia!$A25,referencia!$C$1:$Z$1,0)+COLUMNS(referencia!$C:T)-1)))," ") | U57: =IFERROR((INDEX(referencia!$C25:$Z25,1,(MATCH(referencia!$A25,referencia!$C$1:$Z$1,0)+COLUMNS(referencia!$C:U)-1)))," ") | V57: =IFERROR((INDEX(referencia!$C25:$Z25,1,(MATCH(referencia!$A25,referencia!$C$1:$Z$1,0)+COLUMNS(referencia!$C:V)-1)))," ") | W57: =IFERROR((INDEX(referencia!$C25:$Z25,1,(MATCH(referencia!$A25,referencia!$C$1:$Z$1,0)+COLUMNS(referencia!$C:W)-1)))," ") | X57: =IFERROR((INDEX(referencia!$C25:$Z25,1,(MATCH(referencia!$A25,referencia!$C$1:$Z$1,0)+COLUMNS(referencia!$C:X)-1)))," ") | Y57: =IFERROR((INDEX(referencia!$C25:$Z25,1,(MATCH(referencia!$A25,referencia!$C$1:$Z$1,0)+COLUMNS(referencia!$C:Y)-1)))," ") | Z57: =IFERROR((INDEX(referencia!$C25:$Z25,1,(MATCH(referencia!$A25,referencia!$C$1:$Z$1,0)+COLUMNS(referencia!$C:Z)-1)))," ")
A58: Total | C58: =SUM(C34:C57) -> 330 | D58: =SUM(D34:D57) -> 311 | E58: =SUM(E34:E57) -> 295 | F58: =SUM(F34:F57) -> 272 | G58: =SUM(G34:G57) -> 254 | H58: =SUM(H34:H57) -> 220 | I58: =SUM(I34:I57) -> 192 | J58: =SUM(J34:J57) -> 171 | ... Z58: =SUM(Z34:Z57) -> 7
A65: Mes de Registro | B65: Nuevos Clientes | C65: mes 1 | D65: mes 2 | E65: mes 3 | F65: mes 4 | G65: mes 5 | H65: mes 6 | I65: mes 7 | J65: mes 8 | K65: mes 9 | L65: mes 10 | M65: mes 11 | N65: mes 12 | O65: mes 13 | P65: mes 14 | Q65: mes 15 | R65: mes 16 | S65: mes 17 | T65: mes 18 | U65: mes 19 | V65: mes 20 | W65: mes 21 | X65: mes 22 | Y65: mes 23 | Z65: mes 24
A66: 43466 | B66: 11 | C66: =+C34/$B34 -> 1 | D66: =+D34/$B34 -> 1 | E66: =+E34/$B34 -> 0.90909091 | F66: =+F34/$B34 -> 0.90909091 | G66: =+G34/$B34 -> 0.90909091 | H66: =+H34/$B34 -> 0.90909091 | I66: =+I34/$B34 -> 0.90909091 | J66: =+J34/$B34 -> 0.81818182 | ... Z66: =+Z34/$B34 -> 0.63636364
A67: 43497 | B67: 13 | C67: =+C35/$B35 -> 1 | D67: =+D35/$B35 -> 1 | E67: =+E35/$B35 -> 0.92307692 | F67: =+F35/$B35 -> 0.84615385 | G67: =+G35/$B35 -> 0.76923077 | H67: =+H35/$B35 -> 0.76923077 | I67: =+I35/$B35 -> 0.76923077 | J67: =+J35/$B35 -> 0.76923077 | ... Y67: =+Y35/$B35 -> 0.61538462
A68: 43525 | B68: 13 | C68: =+C36/$B36 -> 1 | D68: =+D36/$B36 -> 1 | E68: =+E36/$B36 -> 1 | F68: =+F36/$B36 -> 1 | G68: =+G36/$B36 -> 1 | H68: =+H36/$B36 -> 1 | I68: =+I36/$B36 -> 0.92307692 | J68: =+J36/$B36 -> 0.84615385 | ... X68: =+X36/$B36 -> 0.30769231
A69: 43556 | B69: 15 | C69: =+C37/$B37 -> 1 | D69: =+D37/$B37 -> 1 | E69: =+E37/$B37 -> 0.93333333 | F69: =+F37/$B37 -> 0.93333333 | G69: =+G37/$B37 -> 0.86666667 | H69: =+H37/$B37 -> 0.8 | I69: =+I37/$B37 -> 0.8 | J69: =+J37/$B37 -> 0.73333333 | ... W69: =+W37/$B37 -> 0.46666667
A70: 43586 | B70: 13 | C70: =+C38/$B38 -> 1 | D70: =+D38/$B38 -> 1 | E70: =+E38/$B38 -> 1 | F70: =+F38/$B38 -> 0.92307692 | G70: =+G38/$B38 -> 0.84615385 | H70: =+H38/$B38 -> 0.76923077 | I70: =+I38/$B38 -> 0.76923077 | J70: =+J38/$B38 -> 0.76923077 | ... V70: =+V38/$B38 -> 0.46153846
A71: 43617 | B71: 11 | C71: =+C39/$B39 -> 1 | D71: =+D39/$B39 -> 1 | E71: =+E39/$B39 -> 1 | F71: =+F39/$B39 -> 0.90909091 | G71: =+G39/$B39 -> 0.90909091 | H71: =+H39/$B39 -> 0.90909091 | I71: =+I39/$B39 -> 0.81818182 | J71: =+J39/$B39 -> 0.81818182 | ... U71: =+U39/$B39 -> 0.54545455
A72: 43647 | B72: 11 | C72: =+C40/$B40 -> 1 | D72: =+D40/$B40 -> 1 | E72: =+E40/$B40 -> 1 | F72: =+F40/$B40 -> 1 | G72: =+G40/$B40 -> 1 | H72: =+H40/$B40 -> 1 | I72: =+I40/$B40 -> 0.90909091 | J72: =+J40/$B40 -> 0.72727273 | ... T72: =+T40/$B40 -> 0.45454545
A73: 43678 | B73: 4 | C73: =+C41/$B41 -> 1 | D73: =+D41/$B41 -> 0.75 | E73: =+E41/$B41 -> 0.75 | F73: =+F41/$B41 -> 0.75 | G73: =+G41/$B41 -> 0.75 | H73: =+H41/$B41 -> 0.75 | I73: =+I41/$B41 -> 0.75 | J73: =+J41/$B41 -> 0.75 | ... S73: =+S41/$B41 -> 0.75
A74: 43709 | B74: 8 | C74: =+C42/$B42 -> 1 | D74: =+D42/$B42 -> 1 | E74: =+E42/$B42 -> 0.875 | F74: =+F42/$B42 -> 0.875 | G74: =+G42/$B42 -> 0.75 | H74: =+H42/$B42 -> 0.75 | I74: =+I42/$B42 -> 0.75 | J74: =+J42/$B42 -> 0.75 | ... R74: =+R42/$B42 -> 0.5
A75: 43739 | B75: 15 | C75: =+C43/$B43 -> 1 | D75: =+D43/$B43 -> 1 | E75: =+E43/$B43 -> 1 | F75: =+F43/$B43 -> 1 | G75: =+G43/$B43 -> 1 | H75: =+H43/$B43 -> 0.93333333 | I75: =+I43/$B43 -> 0.93333333 | J75: =+J43/$B43 -> 0.93333333 | ... Q75: =+Q43/$B43 -> 0.73333333
A76: 43770 | B76: 13 | C76: =+C44/$B44 -> 1 | D76: =+D44/$B44 -> 1 | E76: =+E44/$B44 -> 1 | F76: =+F44/$B44 -> 1 | G76: =+G44/$B44 -> 1 | H76: =+H44/$B44 -> 0.92307692 | I76: =+I44/$B44 -> 0.76923077 | J76: =+J44/$B44 -> 0.76923077 | ... P76: =+P44/$B44 -> 0.69230769
A77: 43800 | B77: 6 | C77: =+C45/$B45 -> 1 | D77: =+D45/$B45 -> 1 | E77: =+E45/$B45 -> 1 | F77: =+F45/$B45 -> 1 | G77: =+G45/$B45 -> 1 | H77: =+H45/$B45 -> 1 | I77: =+I45/$B45 -> 1 | J77: =+J45/$B45 -> 1 | ... O77: =+O45/$B45 -> 1
A78: 43831 | B78: 21 | C78: =+C46/$B46 -> 1 | D78: =+D46/$B46 -> 1 | E78: =+E46/$B46 -> 1 | F78: =+F46/$B46 -> 1 | G78: =+G46/$B46 -> 1 | H78: =+H46/$B46 -> 0.9047619 | I78: =+I46/$B46 -> 0.9047619 | J78: =+J46/$B46 -> 0.9047619 | ... N78: =+N46/$B46 -> 0.66666667
A79: 43862 | B79: 11 | C79: =+C47/$B47 -> 1 | D79: =+D47/$B47 -> 0.90909091 | E79: =+E47/$B47 -> 0.90909091 | F79: =+F47/$B47 -> 0.90909091 | G79: =+G47/$B47 -> 0.90909091 | H79: =+H47/$B47 -> 0.90909091 | I79: =+I47/$B47 -> 0.90909091 | J79: =+J47/$B47 -> 0.90909091 | ... M79: =+M47/$B47 -> 0.81818182
A80: 43891 | B80: 11 | C80: =+C48/$B48 -> 1 | D80: =+D48/$B48 -> 1 | E80: =+E48/$B48 -> 1 | F80: =+F48/$B48 -> 0.72727273 | G80: =+G48/$B48 -> 0.72727273 | H80: =+H48/$B48 -> 0.54545455 | I80: =+I48/$B48 -> 0.45454545 | J80: =+J48/$B48 -> 0.45454545 | ... L80: =+L48/$B48 -> 0.45454545
A81: 43922 | B81: 16 | C81: =+C49/$B49 -> 1 | D81: =+D49/$B49 -> 1 | E81: =+E49/$B49 -> 0.9375 | F81: =+F49/$B49 -> 0.9375 | G81: =+G49/$B49 -> 0.9375 | H81: =+H49/$B49 -> 0.875 | I81: =+I49/$B49 -> 0.875 | J81: =+J49/$B49 -> 0.875 | K81: =+K49/$B49 -> 0.875
A82: 43952 | B82: 25 | C82: =+C50/$B50 -> 1 | D82: =+D50/$B50 -> 0.96 | E82: =+E50/$B50 -> 0.96 | F82: =+F50/$B50 -> 0.92 | G82: =+G50/$B50 -> 0.76 | H82: =+H50/$B50 -> 0.68 | I82: =+I50/$B50 -> 0.64 | J82: =+J50/$B50 -> 0.64
A83: 43983 | B83: 22 | C83: =+C51/$B51 -> 1 | D83: =+D51/$B51 -> 1 | E83: =+E51/$B51 -> 1 | F83: =+F51/$B51 -> 0.90909091 | G83: =+G51/$B51 -> 0.90909091 | H83: =+H51/$B51 -> 0.86363636 | I83: =+I51/$B51 -> 0.72727273
A84: 44013 | B84: 21 | C84: =+C52/$B52 -> 1 | D84: =+D52/$B52 -> 1 | E84: =+E52/$B52 -> 0.95238095 | F84: =+F52/$B52 -> 0.95238095 | G84: =+G52/$B52 -> 0.85714286 | H84: =+H52/$B52 -> 0.85714286
A85: 44044 | B85: 27 | C85: =+C53/$B53 -> 1 | D85: =+D53/$B53 -> 1 | E85: =+E53/$B53 -> 1 | F85: =+F53/$B53 -> 0.92592593 | G85: =+G53/$B53 -> 0.81481481
A86: 44075 | B86: 5 | C86: =+C54/$B54 -> 1 | D86: =+D54/$B54 -> 1 | E86: =+E54/$B54 -> 1 | F86: =+F54/$B54 -> 1
A87: 44105 | B87: 12 | C87: =+C55/$B55 -> 1 | D87: =+D55/$B55 -> 1 | E87: =+E55/$B55 -> 1
A88: 44136 | B88: 10 | C88: =+C56/$B56 -> 1 | D88: =+D56/$B56 -> 1
A89: 44166 | B89: 16 | C89: =+C57/$B57 -> 1
A90: Promedio de Cohortes Observadas | C90: =AVERAGE(C66:C89) -> 1 | D90: =AVERAGE(D66:D89) -> 0.98343874 | E90: =AVERAGE(E66:E89) -> 0.96133968 | F90: =AVERAGE(F66:F89) -> 0.92509559 | G90: =AVERAGE(G66:G89) -> 0.88575727 | H90: =AVERAGE(H66:H89) -> 0.84990212 | I90: =AVERAGE(I66:I89) -> 0.81172984 | J90: =AVERAGE(J66:J89) -> 0.79220867 | ... Z90: =AVERAGE(Z66:Z89) -> 0.63636364

Sheet origen_datos_trimestral
A1: Cliente | B1: Estado Cliente | C1: Mes Registro | D1: Validacion_churn | E1: registro_trimes | F1: Mes de Abandono (Churn) | G1: churn_trimes | H1: 2019-T1 | I1: 2019-T2 | J1: 2019-T3 | K1: 2019-T4 | L1: 2020-T1 | M1: 2020-T2 | N1: 2020-T3 | O1: 2020-T4
A2: George Garcia | B2: Active | C2: 43466 | D2: valido | E2: 2019-T1 | H2: 1 | I2: 1 | J2: 1 | K2: 1 | L2: 1 | M2: 1 | N2: 1 | O2: 1
A3: James Johnson | B3: Churned | C3: 43466 | D3: valido | E3: 2019-T1 | F3: 43525 | G3: 2019-T1
A4: John Williams | B4: Churned | C4: 43466 | D4: valido | E4: 2019-T1 | F4: 43678 | G4: 2019-T3 | H4: 1 | I4: 1
A5: Robert Jones | B5: Active | C5: 43466 | D5: valido | E5: 2019-T1 | H5: 1 | I5: 1 | J5: 1 | K5: 1 | L5: 1 | M5: 1 | N5: 1 | O5: 1
A6: Michael Brown | B6: Active | C6: 43466 | D6: valido | E6: 2019-T1 | H6: 1 | I6: 1 | J6: 1 | K6: 1 | L6: 1 | M6: 1 | N6: 1 | O6: 1
A7: Mary Davis | B7: Churned | C7: 43466 | D7: valido | E7: 2019-T1 | F7: 44075 | G7: 2020-T3 | H7: 1 | I7: 1 | J7: 1 | K7: 1 | L7: 1 | M7: 1
A8: William Miller | B8: Active | C8: 43466 | D8: valido | E8: 2019-T1 | H8: 1 | I8: 1 | J8: 1 | K8: 1 | L8: 1 | M8: 1 | N8: 1 | O8: 1
A9: David Wilson | B9: Active | C9: 43466 | D9: valido | E9: 2019-T1 | H9: 1 | I9: 1 | J9: 1 | K9: 1 | L9: 1 | M9: 1 | N9: 1 | O9: 1
A10: Joseph Moore | B10: Churned | C10: 43466 | D10: valido | E10: 2019-T1 | F10: 43709 | G10: 2019-T3 | H10: 1 | I10: 1
A11: Richard Taylor | B11: Active | C11: 43466 | D11: valido | E11: 2019-T1 | H11: 1 | I11: 1 | J11: 1 | K11: 1 | L11: 1 | M11: 1 | N11: 1 | O11: 1
A12: Charles Anderson | B12: Active | C12: 43466 | D12: valido | E12: 2019-T1 | H12: 1 | I12: 1 | J12: 1 | K12: 1 | L12: 1 | M12: 1 | N12: 1 | O12: 1
A13: Thomas Thomas | B13: Churned | C13: 43497 | D13: valido | E13: 2019-T1 | F13: 43739 | G13: 2019-T4 | H13: 1 | I13: 1 | J13: 1
A14: Christopher Jackson | B14: Churned | C14: 43497 | D14: valido | E14: 2019-T1 | F14: 43556 | G14: 2019-T2 | H14: 1
A15: Daniel White | B15: Churned | C15: 43497 | D15: valido | E15: 2019-T1 | F15: 43617 | G15: 2019-T2 | H15: 1
A16: Elizabeth Harris | B16: Active | C16: 43497 | D16: valido | E16: 2019-T1 | H16: 1 | I16: 1 | J16: 1 | K16: 1 | L16: 1 | M16: 1 | N16: 1 | O16: 1
A17: Matthew Martin | B17: Active | C17: 43497 | D17: valido | E17: 2019-T1 | H17: 1 | I17: 1 | J17: 1 | K17: 1 | L17: 1 | M17: 1 | N17: 1 | O17: 1
A18: Patricia Thompson | B18: Active | C18: 43497 | D18: valido | E18: 2019-T1 | H18: 1 | I18: 1 | J18: 1 | K18: 1 | L18: 1 | M18: 1 | N18: 1 | O18: 1
A19: Brian Smith | B19: Churned | C19: 43497 | D19: valido | E19: 2019-T1 | F19: 43770 | G19: 2019-T4 | H19: 1 | I19: 1 | J19: 1
A20: Jennifer Martinez | B20: Active | C20: 43497 | D20: valido | E20: 2019-T1 | H20: 1 | I20: 1 | J20: 1 | K20: 1 | L20: 1 | M20: 1 | N20: 1 | O20: 1
A21: Linda Robinson | B21: Churned | C21: 43497 | D21: valido | E21: 2019-T1 | F21: 43586 | G21: 2019-T2 | H21: 1
A22: Anthony Clark | B22: Active | C22: 43497 | D22: valido | E22: 2019-T1 | H22: 1 | I22: 1 | J22: 1 | K22: 1 | L22: 1 | M22: 1 | N22: 1 | O22: 1
A23: Barbara Rodriguez | B23: Active | C23: 43497 | D23: valido | E23: 2019-T1 | H23: 1 | I23: 1 | J23: 1 | K23: 1 | L23: 1 | M23: 1 | N23: 1 | O23: 1
A24: Donald Lewis | B24: Active | C24: 43497 | D24: valido | E24: 2019-T1 | H24: 1 | I24: 1 | J24: 1 | K24: 1 | L24: 1 | M24: 1 | N24: 1 | O24: 1
A25: Paul Lee | B25: Active | C25: 43497 | D25: valido | E25: 2019-T1 | H25: 1 | I25: 1 | J25: 1 | K25: 1 | L25: 1 | M25: 1 | N25: 1 | O25: 1
A26: Mark Walker | B26: Churned | C26: 43525 | D26: valido | E26: 2019-T1 | F26: 43891 | G26: 2020-T1 | H26: 1 | I26: 1 | J26: 1 | K26: 1
A27: Andrew Hall | B27: Active | C27: 43525 | D27: valido | E27: 2019-T1 | H27: 1 | I27: 1 | J27: 1 | K27: 1 | L27: 1 | M27: 1 | N27: 1 | O27: 1
A28: Edward Allen | B28: Churned | C28: 43525 | D28: valido | E28: 2019-T1 | F28: 43739 | G28: 2019-T4 | H28: 1 | I28: 1 | J28: 1
A29: Steven Young | B29: Churned | C29: 43525 | D29: valido | E29: 2019-T1 | F29: 44105 | G29: 2020-T4 | H29: 1 | I29: 1 | J29: 1 | K29: 1 | L29: 1 | M29: 1 | N29: 1
A30: Kenneth Hernandez | B30: Churned | C30: 43525 | D30: valido | E30: 2019-T1 | F30: 44075 | G30: 2020-T3 | H30: 1 | I30: 1 | J30: 1 | K30: 1 | L30: 1 | M30: 1
A31: Margaret King | B31: Churned | C31: 43525 | D31: valido | E31: 2019-T1 | F31: 43983 | G31: 2020-T2 | H31: 1 | I31: 1 | J31: 1 | K31: 1 | L31: 1
A32: Joshua Wright | B32: Churned | C32: 43525 | D32: valido | E32: 2019-T1 | F32: 43709 | G32: 2019-T3 | H32: 1 | I32: 1
A33: Kevin Lopez | B33: Churned | C33: 43525 | D33: valido | E33: 2019-T1 | F33: 43952 | G33: 2020-T2 | H33: 1 | I33: 1 | J33: 1 | K33: 1 | L33: 1
A34: Brian Hill | B34: Active | C34: 43525 | D34: valido | E34: 2019-T1 | H34: 1 | I34: 1 | J34: 1 | K34: 1 | L34: 1 | M34: 1 | N34: 1 | O34: 1
A35: Susan Scott | B35: Active | C35: 43525 | D35: valido | E35: 2019-T1 | H35: 1 | I35: 1 | J35: 1 | K35: 1 | L35: 1 | M35: 1 | N35: 1 | O35: 1
A36: Dorothy Green | B36: Churned | C36: 43525 | D36: valido | E36: 2019-T1 | F36: 43952 | G36: 2020-T2 | H36: 1 | I36: 1 | J36: 1 | K36: 1 | L36: 1
A37: Ronald Adams | B37: Churned | C37: 43525 | D37: valido | E37: 2019-T1 | F37: 43952 | G37: 2020-T2 | H37: 1 | I37: 1 | J37: 1 | K37: 1 | L37: 1
A38: Sarah Baker | B38: Active | C38: 43525 | D38: valido | E38: 2019-T1 | H38: 1 | I38: 1 | J38: 1 | K38: 1 | L38: 1 | M38: 1 | N38: 1 | O38: 1
A39: Timothy Gonzalez | B39: Churned | C39: 43556 | D39: valido | E39: 2019-T2 | F39: 43770 | G39: 2019-T4 | I39: 1 | J39: 1
A40: Jessica Nelson | B40: Active | C40: 43556 | D40: valido | E40: 2019-T2 | I40: 1 | J40: 1 | K40: 1 | L40: 1 | M40: 1 | N40: 1 | O40: 1
A41: Jason Carter | B41: Active | C41: 43556 | D41: valido | E41: 2019-T2 | I41: 1 | J41: 1 | K41: 1 | L41: 1 | M41: 1 | N41: 1 | O41: 1
A42: Helen Mitchell | B42: Active | C42: 43556 | D42: valido | E42: 2019-T2 | I42: 1 | J42: 1 | K42: 1 | L42: 1 | M42: 1 | N42: 1 | O42: 1
A43: Nancy Perez | B43: Churned | C43: 43556 | D43: valido | E43: 2019-T2 | F43: 43709 | G43: 2019-T3 | I43: 1
A44: Betty Roberts | B44: Churned | C44: 43556 | D44: valido | E44: 2019-T2 | F44: 43922 | G44: 2020-T2 | I44: 1 | J44: 1 | K44: 1 | L44: 1
A45: Karen Turner | B45: Churned | C45: 43556 | D45: valido | E45: 2019-T2 | F45: 43617 | G45: 2019-T2
A46: Jeffrey Phillips | B46: Churned | C46: 43556 | D46: valido | E46: 2019-T2 | F46: 43922 | G46: 2020-T2 | I46: 1 | J46: 1 | K46: 1 | L46: 1
A47: Lisa Campbell | B47: Active | C47: 43556 | D47: valido | E47: 2019-T2 | I47: 1 | J47: 1 | K47: 1 | L47: 1 | M47: 1 | N47: 1 | O47: 1
A48: Ryan Parker | B48: Churned | C48: 43556 | D48: valido | E48: 2019-T2 | F48: 43831 | G48: 2020-T1 | I48: 1 | J48: 1 | K48: 1
A49: Jacob Evans | B49: Churned | C49: 43556 | D49: valido | E49: 2019-T2 | F49: 43831 | G49: 2020-T1 | I49: 1 | J49: 1 | K49: 1
A50: Frank Edwards | B50: Active | C50: 43556 | D50: valido | E50: 2019-T2 | I50: 1 | J50: 1 | K50: 1 | L50: 1 | M50: 1 | N50: 1 | O50: 1
A51: Gary Collins | B51: Churned | C51: 43556 | D51: valido | E51: 2019-T2 | F51: 43678 | G51: 2019-T3 | I51: 1
A52: Nicholas Stewart | B52: Active | C52: 43556 | D52: valido | E52: 2019-T2 | I52: 1 | J52: 1 | K52: 1 | L52: 1 | M52: 1 | N52: 1 | O52: 1
A53: Anna Sanchez | B53: Active | C53: 43556 | D53: valido | E53: 2019-T2 | I53: 1 | J53: 1 | K53: 1 | L53: 1 | M53: 1 | N53: 1 | O53: 1
A54: Eric Morris | B54: Churned | C54: 43586 | D54: valido | E54: 2019-T2 | F54: 43739 | G54: 2019-T4 | I54: 1 | J54: 1
A55: Sandra Rogers | B55: Churned | C55: 43586 | D55: valido | E55: 2019-T2 | F55: 43678 | G55: 2019-T3 | I55: 1
A56: Stephen Reed | B56: Churned | C56: 43586 | D56: valido | E56: 2019-T2 | F56: 44013 | G56: 2020-T3 | I56: 1 | J56: 1 | K56: 1 | L56: 1 | M56: 1
A57: Emily Cook | B57: Active | C57: 43586 | D57: valido | E57: 2019-T2 | I57: 1 | J57: 1 | K57: 1 | L57: 1 | M57: 1 | N57: 1 | O57: 1
A58: Ashley Morgan | B58: Active | C58: 43586 | D58: valido | E58: 2019-T2 | I58: 1 | J58: 1 | K58: 1 | L58: 1 | M58: 1 | N58: 1 | O58: 1
A59: Jonathan Bell | B59: Churned | C59: 43586 | D59: valido | E59: 2019-T2 | F59: 43709 | G59: 2019-T3 | I59: 1
A60: Kimberly Murphy | B60: Churned | C60: 43586 | D60: valido | E60: 2019-T2 | F60: 43952 | G60: 2020-T2 | I60: 1 | J60: 1 | K60: 1 | L60: 1
A61: Donna Bailey | B61: Churned | C61: 43586 | D61: valido | E61: 2019-T2 | F61: 44013 | G61: 2020-T3 | I61: 1 | J61: 1 | K61: 1 | L61: 1 | M61: 1
A62: Ruth Rivera | B62: Active | C62: 43586 | D62: valido | E62: 2019-T2 | I62: 1 | J62: 1 | K62: 1 | L62: 1 | M62: 1 | N62: 1 | O62: 1
A63: Carol Cooper | B63: Active | C63: 43586 | D63: valido | E63: 2019-T2 | I63: 1 | J63: 1 | K63: 1 | L63: 1 | M63: 1 | N63: 1 | O63: 1
A64: Michelle Richardson | B64: Churned | C64: 43586 | D64: valido | E64: 2019-T2 | F64: 43862 | G64: 2020-T1 | I64: 1 | J64: 1 | K64: 1
A65: Larry Cox | B65: Active | C65: 43586 | D65: valido | E65: 2019-T2 | I65: 1 | J65: 1 | K65: 1 | L65: 1 | M65: 1 | N65: 1 | O65: 1
A66: Laura Howard | B66: Active | C66: 43586 | D66: valido | E66: 2019-T2 | I66: 1 | J66: 1 | K66: 1 | L66: 1 | M66: 1 | N66: 1 | O66: 1
A67: Amanda Ward | B67: Churned | C67: 43617 | D67: valido | E67: 2019-T2 | F67: 43800 | G67: 2019-T4 | I67: 1 | J67: 1
A68: Justin Torres | B68: Churned | C68: 43617 | D68: valido | E68: 2019-T2 | F68: 43709 | G68: 2019-T3 | I68: 1
A69: Raymond Peterson | B69: Churned | C69: 43617 | D69: valido | E69: 2019-T2 | F69: 43862 | G69: 2020-T1 | I69: 1 | J69: 1 | K69: 1
A70: Scott Gray | B70: Churned | C70: 43617 | D70: valido | E70: 2019-T2 | F70: 44075 | G70: 2020-T3 | I70: 1 | J70: 1 | K70: 1 | L70: 1 | M70: 1
A71: Samuel Ramirez | B71: Active | C71: 43617 | D71: valido | E71: 2019-T2 | I71: 1 | J71: 1 | K71: 1 | L71: 1 | M71: 1 | N71: 1 | O71: 1
A72: Brandon James | B72: Active | C72: 43617 | D72: valido | E72: 2019-T2 | I72: 1 | J72: 1 | K72: 1 | L72: 1 | M72: 1 | N72: 1 | O72: 1
A73: Melissa Watson | B73: Active | C73: 43617 | D73: valido | E73: 2019-T2 | I73: 1 | J73: 1 | K73: 1 | L73: 1 | M73: 1 | N73: 1 | O73: 1
A74: Benjamin Brooks | B74: Active | C74: 43617 | D74: valido | E74: 2019-T2 | I74: 1 | J74: 1 | K74: 1 | L74: 1 | M74: 1 | N74: 1 | O74: 1
A75: Rebecca Kelly | B75: Churned | C75: 43617 | D75: valido | E75: 2019-T2 | F75: 44166 | G75: 2020-T4 | I75: 1 | J75: 1 | K75: 1 | L75: 1 | M75: 1 | N75: 1
A76: Deborah Sanders | B76: Active | C76: 43617 | D76: valido | E76: 2019-T2 | I76: 1 | J76: 1 | K76: 1 | L76: 1 | M76: 1 | N76: 1 | O76: 1
A77: Stephanie Price | B77: Active | C77: 43617 | D77: valido | E77: 2019-T2 | I77: 1 | J77: 1 | K77: 1 | L77: 1 | M77: 1 | N77: 1 | O77: 1
A78: Sharon Bennett | B78: Churned | C78: 43647 | D78: valido | E78: 2019-T3 | F78: 43952 | G78: 2020-T2 | J78: 1 | K78: 1 | L78: 1
A79: Kathleen Wood | B79: Churned | C79: 43647 | D79: valido | E79: 2019-T3 | F79: 43831 | G79: 2020-T1 | J79: 1 | K79: 1
A80: Cynthia Barnes | B80: Churned | C80: 43647 | D80: valido | E80: 2019-T3 | F80: 44044 | G80: 2020-T3 | J80: 1 | K80: 1 | L80: 1 | M80: 1
A81: Gregory Ross | B81: Active | C81: 43647 | D81: valido | E81: 2019-T3 | J81: 1 | K81: 1 | L81: 1 | M81: 1 | N81: 1 | O81: 1
A82: Jack Henderson | B82: Active | C82: 43647 | D82: valido | E82: 2019-T3 | J82: 1 | K82: 1 | L82: 1 | M82: 1 | N82: 1 | O82: 1
A83: Amy Coleman | B83: Churned | C83: 43647 | D83: valido | E83: 2019-T3 | F83: 43862 | G83: 2020-T1 | J83: 1 | K83: 1
A84: Henry Jenkins | B84: Churned | C84: 43647 | D84: valido | E84: 2019-T3 | F84: 43862 | G84: 2020-T1 | J84: 1 | K84: 1
A85: Shirley Perry | B85: Active | C85: 43647 | D85: valido | E85: 2019-T3 | J85: 1 | K85: 1 | L85: 1 | M85: 1 | N85: 1 | O85: 1
A86: Patrick Powell | B86: Active | C86: 43647 | D86: valido | E86: 2019-T3 | J86: 1 | K86: 1 | L86: 1 | M86: 1 | N86: 1 | O86: 1
A87: Alexander Long | B87: Churned | C87: 43647 | D87: valido | E87: 2019-T3 | F87: 44136 | G87: 2020-T4 | J87: 1 | K87: 1 | L87: 1 | M87: 1 | N87: 1
A88: Emma Patterson | B88: Active | C88: 43647 | D88: valido | E88: 2019-T3 | J88: 1 | K88: 1 | L88: 1 | M88: 1 | N88: 1 | O88: 1
A89: Angela Hughes | B89: Active | C89: 43678 | D89: valido | E89: 2019-T3 | J89: 1 | K89: 1 | L89: 1 | M89: 1 | N89: 1 | O89: 1
A90: Catherine Flores | B90: Churned | C90: 43678 | D90: valido | E90: 2019-T3 | F90: 43709 | G90: 2019-T3
A91: Virginia Washington | B91: Active | C91: 43678 | D91: valido | E91: 2019-T3 | J91: 1 | K91: 1 | L91: 1 | M91: 1 | N91: 1 | O91: 1
A92: Katherine Butler | B92: Active | C92: 43678 | D92: valido | E92: 2019-T3 | J92: 1 | K92: 1 | L92: 1 | M92: 1 | N92: 1 | O92: 1
A93: Walter Simmons | B93: Churned | C93: 43709 | D93: valido | E93: 2019-T3 | F93: 44075 | G93: 2020-T3 | J93: 1 | K93: 1 | L93: 1 | M93: 1
A94: Dennis Foster | B94: Active | C94: 43709 | D94: valido | E94: 2019-T3 | J94: 1 | K94: 1 | L94: 1 | M94: 1 | N94: 1 | O94: 1
A95: Jerry Gonzales | B95: Churned | C95: 43709 | D95: valido | E95: 2019-T3 | F95: 43831 | G95: 2020-T1 | J95: 1 | K95: 1
A96: Brenda Bryant | B96: Active | C96: 43709 | D96: valido | E96: 2019-T3 | J96: 1 | K96: 1 | L96: 1 | M96: 1 | N96: 1 | O96: 1
A97: Pamela Alexander | B97: Churned | C97: 43709 | D97: valido | E97: 2019-T3 | F97: 43770 | G97: 2019-T4 | J97: 1
A98: Frances Russell | B98: Churned | C98: 43709 | D98: valido | E98: 2019-T3 | F98: 44075 | G98: 2020-T3 | J98: 1 | K98: 1 | L98: 1 | M98: 1
A99: Tyler Griffin | B99: Active | C99: 43709 | D99: valido | E99: 2019-T3 | J99: 1 | K99: 1 | L99: 1 | M99: 1 | N99: 1 | O99: 1
A100: Nicole Diaz | B100: Active | C100: 43709 | D100: valido | E100: 2019-T3 | J100: 1 | K100: 1 | L100: 1 | M100: 1 | N100: 1 | O100: 1
...

Sheet churn_trimestral
A1: Validacion_churn | B1: valido | M1: Validacion_churn | N1: valido
A3: Cuenta de Cliente | B3: Trimestre de abandono | M3: Trimestre de Registro | N3: Nuevos Clientes
A4: Trimestre de registro | B4: 2019-T1 | C4: 2019-T2 | D4: 2019-T3 | E4: 2019-T4 | F4: 2020-T1 | G4: 2020-T2 | H4: 2020-T3 | I4: 2020-T4 | J4: (en blanco) | K4: Total general | M4: 2019-T1 | N4: 37
A5: 2019-T1 | B5: 1 | C5: 3 | D5: 3 | E5: 3 | F5: 1 | G5: 4 | H5: 2 | I5: 1 | J5: 19 | K5: 37 | M5: 2019-T2 | N5: 39
A6: 2019-T2 | C6: 1 | D6: 5 | E6: 3 | F6: 4 | G6: 3 | H6: 3 | I6: 1 | J6: 19 | K6: 39 | M6: 2019-T3 | N6: 23
A7: 2019-T3 | D7: 1 | E7: 1 | F7: 4 | G7: 1 | H7: 3 | I7: 1 | J7: 12 | K7: 23 | M7: 2019-T4 | N7: 34
A8: 2019-T4 | F8: 1 | G8: 3 | H8: 1 | I8: 3 | J8: 26 | K8: 34 | M8: 2020-T1 | N8: 42
A9: 2020-T1 | G9: 6 | H9: 4 | I9: 5 | J9: 27 | K9: 42 | M9: 2020-T2 | N9: 63
A10: 2020-T2 | G10: 2 | H10: 8 | I10: 7 | J10: 46 | K10: 63 | M10: 2020-T3 | N10: 52
A11: 2020-T3 | H11: 1 | I11: 7 | J11: 44 | K11: 52 | M11: 2020-T4 | N11: 38
A12: 2020-T4 | J12: 38 | K12: 38 | M12: Total general | N12: 328
A13: Total general | B13: 1 | C13: 4 | D13: 9 | E13: 7 | F13: 10 | G13: 19 | H13: 22 | I13: 25 | J13: 231 | K13: 328
A17: Registro Inicial | B17: Trimestre 1 | C17: Trimestre 2 | D17: Trimestre 3 | E17: Trimestre 4 | F17: Trimestre 5 | G17: Trimestre 6 | H17: Trimestre 7 | I17: Trimestre 8 | J17: Total Nuevos Clientes
A18: 2019-T1 | B18: =IFERROR((INDEX($B5:$I5,1,(MATCH($A5,$B$4:$I$4,0)+COLUMNS($B:B)-1)))," ") -> 1 | C18: =IFERROR((INDEX($B5:$I5,1,(MATCH($A5,$B$4:$I$4,0)+COLUMNS($B:C)-1)))," ") -> 3 | D18: =IFERROR((INDEX($B5:$I5,1,(MATCH($A5,$B$4:$I$4,0)+COLUMNS($B:D)-1)))," ") -> 3 | E18: =IFERROR((INDEX($B5:$I5,1,(MATCH($A5,$B$4:$I$4,0)+COLUMNS($B:E)-1)))," ") -> 3 | F18: =IFERROR((INDEX($B5:$I5,1,(MATCH($A5,$B$4:$I$4,0)+COLUMNS($B:F)-1)))," ") -> 1 | G18: =IFERROR((INDEX($B5:$I5,1,(MATCH($A5,$B$4:$I$4,0)+COLUMNS($B:G)-1)))," ") -> 4 | H18: =IFERROR((INDEX($B5:$I5,1,(MATCH($A5,$B$4:$I$4,0)+COLUMNS($B:H)-1)))," ") -> 2 | I18: =IFERROR((INDEX($B5:$I5,1,(MATCH($A5,$B$4:$I$4,0)+COLUMNS($B:I)-1)))," ") -> 1 | J18: =N4 -> 37
A19: 2019-T2 | B19: =IFERROR((INDEX($B6:$I6,1,(MATCH($A6,$B$4:$I$4,0)+COLUMNS($B:B)-1)))," ") -> 1 | C19: =IFERROR((INDEX($B6:$I6,1,(MATCH($A6,$B$4:$I$4,0)+COLUMNS($B:C)-1)))," ") -> 5 | D19: =IFERROR((INDEX($B6:$I6,1,(MATCH($A6,$B$4:$I$4,0)+COLUMNS($B:D)-1)))," ") -> 3 | E19: =IFERROR((INDEX($B6:$I6,1,(MATCH($A6,$B$4:$I$4,0)+COLUMNS($B:E)-1)))," ") -> 4 | F19: =IFERROR((INDEX($B6:$I6,1,(MATCH($A6,$B$4:$I$4,0)+COLUMNS($B:F)-1)))," ") -> 3 | G19: =IFERROR((INDEX($B6:$I6,1,(MATCH($A6,$B$4:$I$4,0)+COLUMNS($B:G)-1)))," ") -> 3 | H19: =IFERROR((INDEX($B6:$I6,1,(MATCH($A6,$B$4:$I$4,0)+COLUMNS($B:H)-1)))," ") -> 1 | I19: =IFERROR((INDEX($B6:$I6,1,(MATCH($A6,$B$4:$I$4,0)+COLUMNS($B:I)-1)))," ") | J19: =N5 -> 39
A20: 2019-T3 | B20: =IFERROR((INDEX($B7:$I7,1,(MATCH($A7,$B$4:$I$4,0)+COLUMNS($B:B)-1)))," ") -> 1 | C20: =IFERROR((INDEX($B7:$I7,1,(MATCH($A7,$B$4:$I$4,0)+COLUMNS($B:C)-1)))," ") -> 1 | D20: =IFERROR((INDEX($B7:$I7,1,(MATCH($A7,$B$4:$I$4,0)+COLUMNS($B:D)-1)))," ") -> 4 | E20: =IFERROR((INDEX($B7:$I7,1,(MATCH($A7,$B$4:$I$4,0)+COLUMNS($B:E)-1)))," ") -> 1 | F20: =IFERROR((INDEX($B7:$I7,1,(MATCH($A7,$B$4:$I$4,0)+COLUMNS($B:F)-1)))," ") -> 3 | G20: =IFERROR((INDEX($B7:$I7,1,(MATCH($A7,$B$4:$I$4,0)+COLUMNS($B:G)-1)))," ") -> 1 | H20: =IFERROR((INDEX($B7:$I7,1,(MATCH($A7,$B$4:$I$4,0)+COLUMNS($B:H)-1)))," ") | I20: =IFERROR((INDEX($B7:$I7,1,(MATCH($A7,$B$4:$I$4,0)+COLUMNS($B:I)-1)))," ") | J20: =N6 -> 23
A21: 2019-T4 | B21: =IFERROR((INDEX($B8:$I8,1,(MATCH($A8,$B$4:$I$4,0)+COLUMNS($B:B)-1)))," ") -> 0 | C21: =IFERROR((INDEX($B8:$I8,1,(MATCH($A8,$B$4:$I$4,0)+COLUMNS($B:C)-1)))," ") -> 1 | D21: =IFERROR((INDEX($B8:$I8,1,(MATCH($A8,$B$4:$I$4,0)+COLUMNS($B:D)-1)))," ") -> 3 | E21: =IFERROR((INDEX($B8:$I8,1,(MATCH($A8,$B$4:$I$4,0)+COLUMNS($B:E)-1)))," ") -> 1 | F21: =IFERROR((INDEX($B8:$I8,1,(MATCH($A8,$B$4:$I$4,0)+COLUMNS($B:F)-1)))," ") -> 3 | G21: =IFERROR((INDEX($B8:$I8,1,(MATCH($A8,$B$4:$I$4,0)+COLUMNS($B:G)-1)))," ") | H21: =IFERROR((INDEX($B8:$I8,1,(MATCH($A8,$B$4:$I$4,0)+COLUMNS($B:H)-1)))," ") | I21: =IFERROR((INDEX($B8:$I8,1,(MATCH($A8,$B$4:$I$4,0)+COLUMNS($B:I)-1)))," ") | J21: =N7 -> 34
A22: 2020-T1 | B22: =IFERROR((INDEX($B9:$I9,1,(MATCH($A9,$B$4:$I$4,0)+COLUMNS($B:B)-1)))," ") -> 0 | C22: =IFERROR((INDEX($B9:$I9,1,(MATCH($A9,$B$4:$I$4,0)+COLUMNS($B:C)-1)))," ") -> 6 | D22: =IFERROR((INDEX($B9:$I9,1,(MATCH($A9,$B$4:$I$4,0)+COLUMNS($B:D)-1)))," ") -> 4 | E22: =IFERROR((INDEX($B9:$I9,1,(MATCH($A9,$B$4:$I$4,0)+COLUMNS($B:E)-1)))," ") -> 5 | F22: =IFERROR((INDEX($B9:$I9,1,(MATCH($A9,$B$4:$I$4,0)+COLUMNS($B:F)-1)))," ") | G22: =IFERROR((INDEX($B9:$I9,1,(MATCH($A9,$B$4:$I$4,0)+COLUMNS($B:G)-1)))," ") | H22: =IFERROR((INDEX($B9:$I9,1,(MATCH($A9,$B$4:$I$4,0)+COLUMNS($B:H)-1)))," ") | I22: =IFERROR((INDEX($B9:$I9,1,(MATCH($A9,$B$4:$I$4,0)+COLUMNS($B:I)-1)))," ") | J22: =N8 -> 42
A23: 2020-T2 | B23: =IFERROR((INDEX($B10:$I10,1,(MATCH($A10,$B$4:$I$4,0)+COLUMNS($B:B)-1)))," ") -> 2 | C23: =IFERROR((INDEX($B10:$I10,1,(MATCH($A10,$B$4:$I$4,0)+COLUMNS($B:C)-1)))," ") -> 8 | D23: =IFERROR((INDEX($B10:$I10,1,(MATCH($A10,$B$4:$I$4,0)+COLUMNS($B:D)-1)))," ") -> 7 | E23: =IFERROR((INDEX($B10:$I10,1,(MATCH($A10,$B$4:$I$4,0)+COLUMNS($B:E)-1)))," ") | F23: =IFERROR((INDEX($B10:$I10,1,(MATCH($A10,$B$4:$I$4,0)+COLUMNS($B:F)-1)))," ") | G23: =IFERROR((INDEX($B10:$I10,1,(MATCH($A10,$B$4:$I$4,0)+COLUMNS($B:G)-1)))," ") | H23: =IFERROR((INDEX($B10:$I10,1,(MATCH($A10,$B$4:$I$4,0)+COLUMNS($B:H)-1)))," ") | I23: =IFERROR((INDEX($B10:$I10,1,(MATCH($A10,$B$4:$I$4,0)+COLUMNS($B:I)-1)))," ") | J23: =N9 -> 63
A24: 2020-T3 | B24: =IFERROR((INDEX($B11:$I11,1,(MATCH($A11,$B$4:$I$4,0)+COLUMNS($B:B)-1)))," ") -> 1 | C24: =IFERROR((INDEX($B11:$I11,1,(MATCH($A11,$B$4:$I$4,0)+COLUMNS($B:C)-1)))," ") -> 7 | D24: =IFERROR((INDEX($B11:$I11,1,(MATCH($A11,$B$4:$I$4,0)+COLUMNS($B:D)-1)))," ") | E24: =IFERROR((INDEX($B11:$I11,1,(MATCH($A11,$B$4:$I$4,0)+COLUMNS($B:E)-1)))," ") | F24: =IFERROR((INDEX($B11:$I11,1,(MATCH($A11,$B$4:$I$4,0)+COLUMNS($B:F)-1)))," ") | G24: =IFERROR((INDEX($B11:$I11,1,(MATCH($A11,$B$4:$I$4,0)+COLUMNS($B:G)-1)))," ") | H24: =IFERROR((INDEX($B11:$I11,1,(MATCH($A11,$B$4:$I$4,0)+COLUMNS($B:H)-1)))," ") | I24: =IFERROR((INDEX($B11:$I11,1,(MATCH($A11,$B$4:$I$4,0)+COLUMNS($B:I)-1)))," ") | J24: =N10 -> 52
A25: 2020-T4 | B25: =IFERROR((INDEX($B12:$I12,1,(MATCH($A12,$B$4:$I$4,0)+COLUMNS($B:B)-1)))," ") -> 0 | C25: =IFERROR((INDEX($B12:$I12,1,(MATCH($A12,$B$4:$I$4,0)+COLUMNS($B:C)-1)))," ") | D25: =IFERROR((INDEX($B12:$I12,1,(MATCH($A12,$B$4:$I$4,0)+COLUMNS($B:D)-1)))," ") | E25: =IFERROR((INDEX($B12:$I12,1,(MATCH($A12,$B$4:$I$4,0)+COLUMNS($B:E)-1)))," ") | F25: =IFERROR((INDEX($B12:$I12,1,(MATCH($A12,$B$4:$I$4,0)+COLUMNS($B:F)-1)))," ") | G25: =IFERROR((INDEX($B12:$I12,1,(MATCH($A12,$B$4:$I$4,0)+COLUMNS($B:G)-1)))," ") | H25: =IFERROR((INDEX($B12:$I12,1,(MATCH($A12,$B$4:$I$4,0)+COLUMNS($B:H)-1)))," ") | I25: =IFERROR((INDEX($B12:$I12,1,(MATCH($A12,$B$4:$I$4,0)+COLUMNS($B:I)-1)))," ") | J25: =N11 -> 38
A26: Total general | B26: =SUM(B18:B25) -> 6 | C26: =SUM(C18:C25) -> 31 | D26: =SUM(D18:D25) -> 24 | E26: =SUM(E18:E25) -> 14 | F26: =SUM(F18:F25) -> 10 | G26: =SUM(G18:G25) -> 8 | H26: =SUM(H18:H25) -> 3 | I26: =SUM(I18:I25) -> 1 | J26: =SUM(J18:J25) -> 328
A30: Registro Inicial | B30: Trimestre 1 | C30: Trimestre 2 | D30: Trimestre 3 | E30: Trimestre 4 | F30: Trimestre 5 | G30: Trimestre 6 | H30: Trimestre 7 | I30: Trimestre 8
A31: 2019-T1 | B31: =IFERROR(B18/$J18," ") -> 0.027027027 | C31: =IFERROR(C18/$J18," ") -> 0.081081081 | D31: =IFERROR(D18/$J18," ") -> 0.081081081 | E31: =IFERROR(E18/$J18," ") -> 0.081081081 | F31: =IFERROR(F18/$J18," ") -> 0.027027027 | G31: =IFERROR(G18/$J18," ") -> 0.10810811 | H31: =IFERROR(H18/$J18," ") -> 0.054054054 | I31: =IFERROR(I18/$J18," ") -> 0.027027027
A32: 2019-T2 | B32: =IFERROR(B19/$J19," ") -> 0.025641026 | C32: =IFERROR(C19/$J19," ") -> 0.12820513 | D32: =IFERROR(D19/$J19," ") -> 0.076923077 | E32: =IFERROR(E19/$J19," ") -> 0.1025641 | F32: =IFERROR(F19/$J19," ") -> 0.076923077 | G32: =IFERROR(G19/$J19," ") -> 0.076923077 | H32: =IFERROR(H19/$J19," ") -> 0.025641026 | I32: =IFERROR(I19/$J19," ")
A33: 2019-T3 | B33: =IFERROR(B20/$J20," ") -> 0.043478261 | C33: =IFERROR(C20/$J20," ") -> 0.043478261 | D33: =IFERROR(D20/$J20," ") -> 0.17391304 | E33: =IFERROR(E20/$J20," ") -> 0.043478261 | F33: =IFERROR(F20/$J20," ") -> 0.13043478 | G33: =IFERROR(G20/$J20," ") -> 0.043478261 | H33: =IFERROR(H20/$J20," ") | I33: =IFERROR(I20/$J20," ")
A34: 2019-T4 | B34: =IFERROR(B21/$J21," ") -> 0 | C34: =IFERROR(C21/$J21," ") -> 0.029411765 | D34: =IFERROR(D21/$J21," ") -> 0.088235294 | E34: =IFERROR(E21/$J21," ") -> 0.029411765 | F34: =IFERROR(F21/$J21," ") -> 0.088235294 | G34: =IFERROR(G21/$J21," ") | H34: =IFERROR(H21/$J21," ") | I34: =IFERROR(I21/$J21," ")
A35: 2020-T1 | B35: =IFERROR(B22/$J22," ") -> 0 | C35: =IFERROR(C22/$J22," ") -> 0.14285714 | D35: =IFERROR(D22/$J22," ") -> 0.095238095 | E35: =IFERROR(E22/$J22," ") -> 0.11904762 | F35: =IFERROR(F22/$J22," ") | G35: =IFERROR(G22/$J22," ") | H35: =IFERROR(H22/$J22," ") | I35: =IFERROR(I22/$J22," ")
A36: 2020-T2 | B36: =IFERROR(B23/$J23," ") -> 0.031746032 | C36: =IFERROR(C23/$J23," ") -> 0.12698413 | D36: =IFERROR(D23/$J23," ") -> 0.11111111 | E36: =IFERROR(E23/$J23," ") | F36: =IFERROR(F23/$J23," ") | G36: =IFERROR(G23/$J23," ") | H36: =IFERROR(H23/$J23," ") | I36: =IFERROR(I23/$J23," ")
A37: 2020-T3 | B37: =IFERROR(B24/$J24," ") -> 0.019230769 | C37: =IFERROR(C24/$J24," ") -> 0.13461538 | D37: =IFERROR(D24/$J24," ") | E37: =IFERROR(E24/$J24," ") | F37: =IFERROR(F24/$J24," ") | G37: =IFERROR(G24/$J24," ") | H37: =IFERROR(H24/$J24," ") | I37: =IFERROR(I24/$J24," ")
A38: 2020-T4 | B38: =IFERROR(B25/$J25," ") -> 0 | C38: =IFERROR(C25/$J25," ") | D38: =IFERROR(D25/$J25," ") | E38: =IFERROR(E25/$J25," ") | F38: =IFERROR(F25/$J25," ") | G38: =IFERROR(G25/$J25," ") | H38: =IFERROR(H25/$J25," ") | I38: =IFERROR(I25/$J25," ")
A39: Total general | B39: =AVERAGE(B31:B38) -> 0.018390389 | C39: =AVERAGE(C31:C38) -> 0.098090413 | D39: =AVERAGE(D31:D38) -> 0.10441695 | E39: =AVERAGE(E31:E38) -> 0.075116566 | F39: =AVERAGE(F31:F38) -> 0.080655045 | G39: =AVERAGE(G31:G38) -> 0.076169815 | H39: =AVERAGE(H31:H38) -> 0.03984754 | I39: =AVERAGE(I31:I38) -> 0.027027027
